"date","series","value"
2004-01-01,"cpi_can",103.7
2004-02-01,"cpi_can",103.7
2004-03-01,"cpi_can",103.7
2004-04-01,"cpi_can",104
2004-05-01,"cpi_can",104.7
2004-06-01,"cpi_can",104.8
2004-07-01,"cpi_can",104.8
2004-08-01,"cpi_can",104.7
2004-09-01,"cpi_can",104.8
2004-10-01,"cpi_can",105.2
2004-11-01,"cpi_can",105.7
2004-12-01,"cpi_can",105.8
2005-01-01,"cpi_can",105.8
2005-02-01,"cpi_can",105.9
2005-03-01,"cpi_can",106.2
2005-04-01,"cpi_can",106.4
2005-05-01,"cpi_can",106.3
2005-06-01,"cpi_can",106.6
2005-07-01,"cpi_can",106.8
2005-08-01,"cpi_can",107.3
2005-09-01,"cpi_can",108.3
2005-10-01,"cpi_can",108.1
2005-11-01,"cpi_can",107.9
2005-12-01,"cpi_can",108
2006-01-01,"cpi_can",108.9
2006-02-01,"cpi_can",108.5
2006-03-01,"cpi_can",108.6
2006-04-01,"cpi_can",109.1
2006-05-01,"cpi_can",109.2
2006-06-01,"cpi_can",109.1
2006-07-01,"cpi_can",109.2
2006-08-01,"cpi_can",109.4
2006-09-01,"cpi_can",109
2006-10-01,"cpi_can",109.1
2006-11-01,"cpi_can",109.5
2006-12-01,"cpi_can",109.9
2007-01-01,"cpi_can",110.2
2007-02-01,"cpi_can",110.6
2007-03-01,"cpi_can",111.2
2007-04-01,"cpi_can",111.5
2007-05-01,"cpi_can",111.5
2007-06-01,"cpi_can",111.3
2007-07-01,"cpi_can",111.4
2007-08-01,"cpi_can",111.3
2007-09-01,"cpi_can",111.7
2007-10-01,"cpi_can",111.9
2007-11-01,"cpi_can",112.2
2007-12-01,"cpi_can",112.6
2008-01-01,"cpi_can",112.4
2008-02-01,"cpi_can",112.6
2008-03-01,"cpi_can",112.8
2008-04-01,"cpi_can",113.3
2008-05-01,"cpi_can",114.1
2008-06-01,"cpi_can",114.9
2008-07-01,"cpi_can",115.4
2008-08-01,"cpi_can",115.4
2008-09-01,"cpi_can",115.5
2008-10-01,"cpi_can",114.7
2008-11-01,"cpi_can",114.3
2008-12-01,"cpi_can",113.9
2009-01-01,"cpi_can",113.7
2009-02-01,"cpi_can",114.1
2009-03-01,"cpi_can",114
2009-04-01,"cpi_can",113.7
2009-05-01,"cpi_can",114.2
2009-06-01,"cpi_can",114.7
2009-07-01,"cpi_can",114.3
2009-08-01,"cpi_can",114.5
2009-09-01,"cpi_can",114.6
2009-10-01,"cpi_can",114.8
2009-11-01,"cpi_can",115.4
2009-12-01,"cpi_can",115.4
2010-01-01,"cpi_can",115.8
2010-02-01,"cpi_can",115.9
2010-03-01,"cpi_can",115.6
2010-04-01,"cpi_can",115.6
2010-05-01,"cpi_can",115.7
2010-06-01,"cpi_can",116
2010-07-01,"cpi_can",116.6
2010-08-01,"cpi_can",116.5
2010-09-01,"cpi_can",116.7
2010-10-01,"cpi_can",117.4
2010-11-01,"cpi_can",117.7
2010-12-01,"cpi_can",118.2
2011-01-01,"cpi_can",118.4
2011-02-01,"cpi_can",118.3
2011-03-01,"cpi_can",119.1
2011-04-01,"cpi_can",119.6
2011-05-01,"cpi_can",120
2011-06-01,"cpi_can",119.6
2011-07-01,"cpi_can",119.8
2011-08-01,"cpi_can",120.1
2011-09-01,"cpi_can",120.5
2011-10-01,"cpi_can",120.9
2011-11-01,"cpi_can",121
2011-12-01,"cpi_can",120.8
2012-01-01,"cpi_can",121.5
2012-02-01,"cpi_can",121.4
2012-03-01,"cpi_can",121.5
2012-04-01,"cpi_can",121.9
2012-05-01,"cpi_can",121.5
2012-06-01,"cpi_can",121.2
2012-07-01,"cpi_can",121.2
2012-08-01,"cpi_can",121.7
2012-09-01,"cpi_can",121.9
2012-10-01,"cpi_can",122.2
2012-11-01,"cpi_can",122.1
2012-12-01,"cpi_can",122
2013-01-01,"cpi_can",122.1
2013-02-01,"cpi_can",122.9
2013-03-01,"cpi_can",122.8
2013-04-01,"cpi_can",122.3
2013-05-01,"cpi_can",122.3
2013-06-01,"cpi_can",122.6
2013-07-01,"cpi_can",122.8
2013-08-01,"cpi_can",122.9
2013-09-01,"cpi_can",123.1
2013-10-01,"cpi_can",123
2013-11-01,"cpi_can",123.2
2013-12-01,"cpi_can",123.6
2014-01-01,"cpi_can",123.9
2014-02-01,"cpi_can",124.3
2014-03-01,"cpi_can",124.5
2014-04-01,"cpi_can",125
2014-05-01,"cpi_can",125.1
2014-06-01,"cpi_can",125.4
2014-07-01,"cpi_can",125.4
2014-08-01,"cpi_can",125.5
2014-09-01,"cpi_can",125.7
2014-10-01,"cpi_can",125.9
2014-11-01,"cpi_can",125.7
2014-12-01,"cpi_can",125.5
2015-01-01,"cpi_can",125.1
2015-02-01,"cpi_can",125.5
2015-03-01,"cpi_can",126.1
2015-04-01,"cpi_can",125.8
2015-05-01,"cpi_can",126.3
2015-06-01,"cpi_can",126.8
2015-07-01,"cpi_can",127.1
2015-08-01,"cpi_can",127.1
2015-09-01,"cpi_can",127
2015-10-01,"cpi_can",127.2
2015-11-01,"cpi_can",127.3
2015-12-01,"cpi_can",127.4
2016-01-01,"cpi_can",127.5
2016-02-01,"cpi_can",127.3
2016-03-01,"cpi_can",127.7
2016-04-01,"cpi_can",127.9
2016-05-01,"cpi_can",128.3
2016-06-01,"cpi_can",128.6
2016-07-01,"cpi_can",128.5
2016-08-01,"cpi_can",128.6
2016-09-01,"cpi_can",128.8
2016-10-01,"cpi_can",129.1
2016-11-01,"cpi_can",128.9
2016-12-01,"cpi_can",129.3
2017-01-01,"cpi_can",130.1
2017-02-01,"cpi_can",129.9
2017-03-01,"cpi_can",129.7
2017-04-01,"cpi_can",130.1
2017-05-01,"cpi_can",129.9
2017-06-01,"cpi_can",129.9
2017-07-01,"cpi_can",130.1
2017-08-01,"cpi_can",130.4
2017-09-01,"cpi_can",130.7
2017-10-01,"cpi_can",130.9
2017-11-01,"cpi_can",131.7
2017-12-01,"cpi_can",131.8
2018-01-01,"cpi_can",132.3
2018-02-01,"cpi_can",132.6
2018-03-01,"cpi_can",132.7
2018-04-01,"cpi_can",132.8
2018-05-01,"cpi_can",132.9
2018-06-01,"cpi_can",133.1
2018-07-01,"cpi_can",133.7
2018-08-01,"cpi_can",133.9
2018-09-01,"cpi_can",133.8
2018-10-01,"cpi_can",134.2
2018-11-01,"cpi_can",134
2018-12-01,"cpi_can",134.3
2019-01-01,"cpi_can",134.3
2019-02-01,"cpi_can",134.7
2019-03-01,"cpi_can",135.2
2019-04-01,"cpi_can",135.6
2019-05-01,"cpi_can",136
2019-06-01,"cpi_can",135.9
2019-07-01,"cpi_can",136.4
2019-08-01,"cpi_can",136.4
2019-09-01,"cpi_can",136.3
2019-10-01,"cpi_can",136.7
2019-11-01,"cpi_can",136.8
2019-12-01,"cpi_can",137.3
2020-01-01,"cpi_can",137.5
2020-02-01,"cpi_can",137.7
2020-03-01,"cpi_can",136.3
2020-04-01,"cpi_can",135.6
2020-05-01,"cpi_can",135.4
2020-06-01,"cpi_can",136.5
2020-07-01,"cpi_can",136.5
2020-08-01,"cpi_can",136.8
2020-09-01,"cpi_can",137.1
2020-10-01,"cpi_can",137.5
2020-11-01,"cpi_can",138
2020-12-01,"cpi_can",138.5
2021-01-01,"cpi_can",139.1
2021-02-01,"cpi_can",139.4
2021-03-01,"cpi_can",139.5
2021-04-01,"cpi_can",139.9
2021-05-01,"cpi_can",140.3
2021-06-01,"cpi_can",140.7
2021-07-01,"cpi_can",141.4
2021-08-01,"cpi_can",142.3
2021-09-01,"cpi_can",143.1
2021-10-01,"cpi_can",143.9
2021-11-01,"cpi_can",144.5
2021-12-01,"cpi_can",145.2
2022-01-01,"cpi_can",146.3
2022-02-01,"cpi_can",147.3
2022-03-01,"cpi_can",148.9
2022-04-01,"cpi_can",149.4
2022-05-01,"cpi_can",151.1
2022-06-01,"cpi_can",152.2
2022-07-01,"cpi_can",152.2
2022-08-01,"cpi_can",152.1
2022-09-01,"cpi_can",152.8
2022-10-01,"cpi_can",153.7
2022-11-01,"cpi_can",154.3
2022-12-01,"cpi_can",154.2
2023-01-01,"cpi_can",154.9
2023-02-01,"cpi_can",155.1
2023-03-01,"cpi_can",155.3
2023-04-01,"cpi_can",156.1
2023-05-01,"cpi_can",156.2
2023-06-01,"cpi_can",156.6
2023-07-01,"cpi_can",157.2
2023-08-01,"cpi_can",158.3
2023-09-01,"cpi_can",158.6
2023-10-01,"cpi_can",158.5
2023-11-01,"cpi_can",159
2023-12-01,"cpi_can",159.4
2024-01-01,"cpi_can",159.4
2024-02-01,"cpi_can",159.4
2024-03-01,"cpi_can",159.8
2024-04-01,"cpi_can",160.3
2024-05-01,"cpi_can",160.7
2024-06-01,"cpi_can",160.8
2024-07-01,"cpi_can",161.2
2024-08-01,"cpi_can",161.3
2024-09-01,"cpi_can",161.2
2024-10-01,"cpi_can",161.7
2024-11-01,"cpi_can",162
2024-12-01,"cpi_can",162.3
2025-01-01,"cpi_can",162.5
2025-02-01,"cpi_can",163.5
2025-03-01,"cpi_can",163.5
2025-04-01,"cpi_can",163.1
2025-05-01,"cpi_can",163.5
2025-06-01,"cpi_can",163.9
2025-07-01,"cpi_can",164
2025-08-01,"cpi_can",164.3
2025-09-01,"cpi_can",165
2025-10-01,"cpi_can",165.2
2025-11-01,"cpi_can",165.6
2025-12-01,"cpi_can",166.1
2026-01-01,"cpi_can",166.2
2026-02-01,"cpi_can",166.4
2004-01-01,"cpi_us",186.3
2004-02-01,"cpi_us",186.7
2004-03-01,"cpi_us",187.1
2004-04-01,"cpi_us",187.4
2004-05-01,"cpi_us",188.2
2004-06-01,"cpi_us",188.9
2004-07-01,"cpi_us",189.1
2004-08-01,"cpi_us",189.2
2004-09-01,"cpi_us",189.8
2004-10-01,"cpi_us",190.8
2004-11-01,"cpi_us",191.7
2004-12-01,"cpi_us",191.7
2005-01-01,"cpi_us",191.6
2005-02-01,"cpi_us",192.4
2005-03-01,"cpi_us",193.1
2005-04-01,"cpi_us",193.7
2005-05-01,"cpi_us",193.6
2005-06-01,"cpi_us",193.7
2005-07-01,"cpi_us",194.9
2005-08-01,"cpi_us",196.1
2005-09-01,"cpi_us",198.8
2005-10-01,"cpi_us",199.1
2005-11-01,"cpi_us",198.1
2005-12-01,"cpi_us",198.1
2006-01-01,"cpi_us",199.3
2006-02-01,"cpi_us",199.4
2006-03-01,"cpi_us",199.7
2006-04-01,"cpi_us",200.7
2006-05-01,"cpi_us",201.3
2006-06-01,"cpi_us",201.8
2006-07-01,"cpi_us",202.9
2006-08-01,"cpi_us",203.8
2006-09-01,"cpi_us",202.8
2006-10-01,"cpi_us",201.9
2006-11-01,"cpi_us",202
2006-12-01,"cpi_us",203.1
2007-01-01,"cpi_us",203.437
2007-02-01,"cpi_us",204.226
2007-03-01,"cpi_us",205.288
2007-04-01,"cpi_us",205.904
2007-05-01,"cpi_us",206.755
2007-06-01,"cpi_us",207.234
2007-07-01,"cpi_us",207.603
2007-08-01,"cpi_us",207.667
2007-09-01,"cpi_us",208.547
2007-10-01,"cpi_us",209.19
2007-11-01,"cpi_us",210.834
2007-12-01,"cpi_us",211.445
2008-01-01,"cpi_us",212.174
2008-02-01,"cpi_us",212.687
2008-03-01,"cpi_us",213.448
2008-04-01,"cpi_us",213.942
2008-05-01,"cpi_us",215.208
2008-06-01,"cpi_us",217.463
2008-07-01,"cpi_us",219.016
2008-08-01,"cpi_us",218.69
2008-09-01,"cpi_us",218.877
2008-10-01,"cpi_us",216.995
2008-11-01,"cpi_us",213.153
2008-12-01,"cpi_us",211.398
2009-01-01,"cpi_us",211.933
2009-02-01,"cpi_us",212.705
2009-03-01,"cpi_us",212.495
2009-04-01,"cpi_us",212.709
2009-05-01,"cpi_us",213.022
2009-06-01,"cpi_us",214.79
2009-07-01,"cpi_us",214.726
2009-08-01,"cpi_us",215.445
2009-09-01,"cpi_us",215.861
2009-10-01,"cpi_us",216.509
2009-11-01,"cpi_us",217.234
2009-12-01,"cpi_us",217.347
2010-01-01,"cpi_us",217.488
2010-02-01,"cpi_us",217.281
2010-03-01,"cpi_us",217.353
2010-04-01,"cpi_us",217.403
2010-05-01,"cpi_us",217.29
2010-06-01,"cpi_us",217.199
2010-07-01,"cpi_us",217.605
2010-08-01,"cpi_us",217.923
2010-09-01,"cpi_us",218.275
2010-10-01,"cpi_us",219.035
2010-11-01,"cpi_us",219.59
2010-12-01,"cpi_us",220.472
2011-01-01,"cpi_us",221.187
2011-02-01,"cpi_us",221.898
2011-03-01,"cpi_us",223.046
2011-04-01,"cpi_us",224.093
2011-05-01,"cpi_us",224.806
2011-06-01,"cpi_us",224.806
2011-07-01,"cpi_us",225.395
2011-08-01,"cpi_us",226.106
2011-09-01,"cpi_us",226.597
2011-10-01,"cpi_us",226.75
2011-11-01,"cpi_us",227.169
2011-12-01,"cpi_us",227.223
2012-01-01,"cpi_us",227.842
2012-02-01,"cpi_us",228.329
2012-03-01,"cpi_us",228.807
2012-04-01,"cpi_us",229.187
2012-05-01,"cpi_us",228.713
2012-06-01,"cpi_us",228.524
2012-07-01,"cpi_us",228.59
2012-08-01,"cpi_us",229.918
2012-09-01,"cpi_us",231.015
2012-10-01,"cpi_us",231.638
2012-11-01,"cpi_us",231.249
2012-12-01,"cpi_us",231.221
2013-01-01,"cpi_us",231.679
2013-02-01,"cpi_us",232.937
2013-03-01,"cpi_us",232.282
2013-04-01,"cpi_us",231.797
2013-05-01,"cpi_us",231.893
2013-06-01,"cpi_us",232.445
2013-07-01,"cpi_us",232.9
2013-08-01,"cpi_us",233.456
2013-09-01,"cpi_us",233.544
2013-10-01,"cpi_us",233.669
2013-11-01,"cpi_us",234.1
2013-12-01,"cpi_us",234.719
2014-01-01,"cpi_us",235.288
2014-02-01,"cpi_us",235.547
2014-03-01,"cpi_us",236.028
2014-04-01,"cpi_us",236.468
2014-05-01,"cpi_us",236.918
2014-06-01,"cpi_us",237.231
2014-07-01,"cpi_us",237.498
2014-08-01,"cpi_us",237.46
2014-09-01,"cpi_us",237.477
2014-10-01,"cpi_us",237.43
2014-11-01,"cpi_us",236.983
2014-12-01,"cpi_us",236.252
2015-01-01,"cpi_us",234.747
2015-02-01,"cpi_us",235.342
2015-03-01,"cpi_us",235.976
2015-04-01,"cpi_us",236.222
2015-05-01,"cpi_us",237.001
2015-06-01,"cpi_us",237.657
2015-07-01,"cpi_us",238.034
2015-08-01,"cpi_us",238.033
2015-09-01,"cpi_us",237.498
2015-10-01,"cpi_us",237.733
2015-11-01,"cpi_us",238.017
2015-12-01,"cpi_us",237.761
2016-01-01,"cpi_us",237.652
2016-02-01,"cpi_us",237.336
2016-03-01,"cpi_us",238.08
2016-04-01,"cpi_us",238.992
2016-05-01,"cpi_us",239.557
2016-06-01,"cpi_us",240.222
2016-07-01,"cpi_us",240.101
2016-08-01,"cpi_us",240.545
2016-09-01,"cpi_us",241.176
2016-10-01,"cpi_us",241.741
2016-11-01,"cpi_us",242.026
2016-12-01,"cpi_us",242.637
2017-01-01,"cpi_us",243.618
2017-02-01,"cpi_us",244.006
2017-03-01,"cpi_us",243.892
2017-04-01,"cpi_us",244.193
2017-05-01,"cpi_us",244.004
2017-06-01,"cpi_us",244.163
2017-07-01,"cpi_us",244.243
2017-08-01,"cpi_us",245.183
2017-09-01,"cpi_us",246.435
2017-10-01,"cpi_us",246.626
2017-11-01,"cpi_us",247.284
2017-12-01,"cpi_us",247.805
2018-01-01,"cpi_us",248.859
2018-02-01,"cpi_us",249.529
2018-03-01,"cpi_us",249.577
2018-04-01,"cpi_us",250.227
2018-05-01,"cpi_us",250.792
2018-06-01,"cpi_us",251.018
2018-07-01,"cpi_us",251.214
2018-08-01,"cpi_us",251.663
2018-09-01,"cpi_us",252.182
2018-10-01,"cpi_us",252.772
2018-11-01,"cpi_us",252.594
2018-12-01,"cpi_us",252.767
2019-01-01,"cpi_us",252.561
2019-02-01,"cpi_us",253.319
2019-03-01,"cpi_us",254.277
2019-04-01,"cpi_us",255.233
2019-05-01,"cpi_us",255.296
2019-06-01,"cpi_us",255.213
2019-07-01,"cpi_us",255.802
2019-08-01,"cpi_us",256.036
2019-09-01,"cpi_us",256.43
2019-10-01,"cpi_us",257.155
2019-11-01,"cpi_us",257.879
2019-12-01,"cpi_us",258.63
2020-01-01,"cpi_us",259.127
2020-02-01,"cpi_us",259.25
2020-03-01,"cpi_us",258.076
2020-04-01,"cpi_us",256.032
2020-05-01,"cpi_us",255.802
2020-06-01,"cpi_us",257.042
2020-07-01,"cpi_us",258.352
2020-08-01,"cpi_us",259.316
2020-09-01,"cpi_us",259.997
2020-10-01,"cpi_us",260.319
2020-11-01,"cpi_us",260.911
2020-12-01,"cpi_us",262.045
2021-01-01,"cpi_us",262.687
2021-02-01,"cpi_us",263.579
2021-03-01,"cpi_us",264.961
2021-04-01,"cpi_us",266.614
2021-05-01,"cpi_us",268.383
2021-06-01,"cpi_us",270.654
2021-07-01,"cpi_us",271.903
2021-08-01,"cpi_us",272.676
2021-09-01,"cpi_us",273.91
2021-10-01,"cpi_us",276.55
2021-11-01,"cpi_us",278.919
2021-12-01,"cpi_us",280.845
2022-01-01,"cpi_us",282.543
2022-02-01,"cpi_us",284.5
2022-03-01,"cpi_us",287.674
2022-04-01,"cpi_us",288.561
2022-05-01,"cpi_us",291.298
2022-06-01,"cpi_us",294.957
2022-07-01,"cpi_us",294.913
2022-08-01,"cpi_us",295.097
2022-09-01,"cpi_us",296.349
2022-10-01,"cpi_us",298.007
2022-11-01,"cpi_us",298.786
2022-12-01,"cpi_us",298.832
2023-01-01,"cpi_us",300.42
2023-02-01,"cpi_us",301.45
2023-03-01,"cpi_us",301.821
2023-04-01,"cpi_us",302.845
2023-05-01,"cpi_us",303.334
2023-06-01,"cpi_us",304.014
2023-07-01,"cpi_us",304.609
2023-08-01,"cpi_us",306.082
2023-09-01,"cpi_us",307.276
2023-10-01,"cpi_us",307.696
2023-11-01,"cpi_us",308.148
2023-12-01,"cpi_us",308.741
2024-01-01,"cpi_us",309.698
2024-02-01,"cpi_us",310.967
2024-03-01,"cpi_us",312.345
2024-04-01,"cpi_us",313.023
2024-05-01,"cpi_us",313.175
2024-06-01,"cpi_us",313.044
2024-07-01,"cpi_us",313.569
2024-08-01,"cpi_us",314.062
2024-09-01,"cpi_us",314.732
2024-10-01,"cpi_us",315.631
2024-11-01,"cpi_us",316.528
2024-12-01,"cpi_us",317.604
2025-01-01,"cpi_us",318.961
2025-02-01,"cpi_us",319.679
2025-03-01,"cpi_us",319.785
2025-04-01,"cpi_us",320.302
2025-05-01,"cpi_us",320.62
2025-06-01,"cpi_us",321.435
2025-07-01,"cpi_us",322.169
2025-08-01,"cpi_us",323.291
2025-09-01,"cpi_us",324.245
2025-11-01,"cpi_us",325.063
2025-12-01,"cpi_us",326.031
2026-01-01,"cpi_us",326.588
2026-02-01,"cpi_us",327.46
2003-12-01,"exrate_can",97.96
2004-01-01,"exrate_can",98.67
2004-02-01,"exrate_can",96.12
2004-03-01,"exrate_can",96.51
2004-04-01,"exrate_can",96
2004-05-01,"exrate_can",93.82
2004-06-01,"exrate_can",94.85
2004-07-01,"exrate_can",97.33
2004-08-01,"exrate_can",98.05
2004-09-01,"exrate_can",99.83
2004-10-01,"exrate_can",102.75
2004-11-01,"exrate_can",106.38
2004-12-01,"exrate_can",103.82
2005-01-01,"exrate_can",103.57
2005-02-01,"exrate_can",102.32
2005-03-01,"exrate_can",104.02
2005-04-01,"exrate_can",102.77
2005-05-01,"exrate_can",101.26
2005-06-01,"exrate_can",102.98
2005-07-01,"exrate_can",104.85
2005-08-01,"exrate_can",105.85
2005-09-01,"exrate_can",108.32
2005-10-01,"exrate_can",109
2005-11-01,"exrate_can",108.85
2005-12-01,"exrate_can",110.63
2006-01-01,"exrate_can",110.31
2006-02-01,"exrate_can",111.37
2006-03-01,"exrate_can",110.57
2006-04-01,"exrate_can",111.49
2006-05-01,"exrate_can",114.15
2006-06-01,"exrate_can",114.34
2006-07-01,"exrate_can",112.71
2006-08-01,"exrate_can",113.31
2006-09-01,"exrate_can",113.77
2006-10-01,"exrate_can",112.58
2006-11-01,"exrate_can",111.33
2006-12-01,"exrate_can",109.31
2007-01-01,"exrate_can",107.37
2007-02-01,"exrate_can",107.68
2007-03-01,"exrate_can",107.66
2007-04-01,"exrate_can",110.45
2007-05-01,"exrate_can",114.33
2007-06-01,"exrate_can",117.63
2007-07-01,"exrate_can",118.58
2007-08-01,"exrate_can",117.93
2007-09-01,"exrate_can",120.99
2007-10-01,"exrate_can",126.61
2007-11-01,"exrate_can",127.31
2007-12-01,"exrate_can",122.52
2008-01-01,"exrate_can",121.19
2008-02-01,"exrate_can",122.07
2008-03-01,"exrate_can",120.8
2008-04-01,"exrate_can",118.75
2008-05-01,"exrate_can",120.89
2008-06-01,"exrate_can",118.72
2008-07-01,"exrate_can",118.61
2008-08-01,"exrate_can",115.21
2008-09-01,"exrate_can",115.88
2008-10-01,"exrate_can",106.5
2008-11-01,"exrate_can",103.98
2008-12-01,"exrate_can",101.96
2009-01-01,"exrate_can",102.98
2009-02-01,"exrate_can",102.33
2009-03-01,"exrate_can",101.16
2009-04-01,"exrate_can",103.15
2009-05-01,"exrate_can",108.81
2009-06-01,"exrate_can",110.91
2009-07-01,"exrate_can",110.84
2009-08-01,"exrate_can",114
2009-09-01,"exrate_can",114.26
2009-10-01,"exrate_can",116.67
2009-11-01,"exrate_can",115.76
2009-12-01,"exrate_can",116.72
2010-01-01,"exrate_can",118.18
2010-02-01,"exrate_can",117.43
2010-03-01,"exrate_can",121.03
2010-04-01,"exrate_can",123.26
2010-05-01,"exrate_can",120.5
2010-06-01,"exrate_can",121.08
2010-07-01,"exrate_can",119.44
2010-08-01,"exrate_can",119.31
2010-09-01,"exrate_can",119.51
2010-10-01,"exrate_can",119.81
2010-11-01,"exrate_can",120.71
2010-12-01,"exrate_can",121.76
2011-01-01,"exrate_can",122.94
2011-02-01,"exrate_can",123.26
2011-03-01,"exrate_can",124.18
2011-04-01,"exrate_can",125.75
2011-05-01,"exrate_can",124.31
2011-06-01,"exrate_can",123.02
2011-07-01,"exrate_can",125.6
2011-08-01,"exrate_can",122.4
2011-09-01,"exrate_can",121.26
2011-10-01,"exrate_can",119.5
2011-11-01,"exrate_can",119.22
2011-12-01,"exrate_can",119.99
2012-01-01,"exrate_can",121.07
2012-02-01,"exrate_can",122.05
2012-03-01,"exrate_can",122.85
2012-04-01,"exrate_can",123.11
2012-05-01,"exrate_can",121.87
2012-06-01,"exrate_can",120.45
2012-07-01,"exrate_can",121.98
2012-08-01,"exrate_can",124.19
2012-09-01,"exrate_can",125.17
2012-10-01,"exrate_can",123.87
2012-11-01,"exrate_can",122.87
2012-12-01,"exrate_can",123.43
2013-01-01,"exrate_can",123.06
2013-02-01,"exrate_can",121.33
2013-03-01,"exrate_can",119.92
2013-04-01,"exrate_can",120.49
2013-05-01,"exrate_can",120.37
2013-06-01,"exrate_can",119.43
2013-07-01,"exrate_can",118.5
2013-08-01,"exrate_can",118.37
2013-09-01,"exrate_can",118.98
2013-10-01,"exrate_can",118.26
2013-11-01,"exrate_can",117.25
2013-12-01,"exrate_can",115.46
2014-01-01,"exrate_can",112.71
2014-02-01,"exrate_can",111.42
2014-03-01,"exrate_can",110.84
2014-04-01,"exrate_can",111.92
2014-05-01,"exrate_can",112.91
2014-06-01,"exrate_can",113.63
2014-07-01,"exrate_can",114.7
2014-08-01,"exrate_can",112.95
2014-09-01,"exrate_can",112.83
2014-10-01,"exrate_can",111.22
2014-11-01,"exrate_can",110.79
2014-12-01,"exrate_can",109.82
2015-01-01,"exrate_can",105.81
2015-02-01,"exrate_can",102.5
2015-03-01,"exrate_can",102.5
2015-04-01,"exrate_can",104.3
2015-05-01,"exrate_can",105.59
2015-06-01,"exrate_can",104.24
2015-07-01,"exrate_can",100.76
2015-08-01,"exrate_can",99.15
2015-09-01,"exrate_can",98.46
2015-10-01,"exrate_can",99.6
2015-11-01,"exrate_can",98.78
2015-12-01,"exrate_can",95.9
2016-01-01,"exrate_can",93.22
2016-02-01,"exrate_can",95.65
2016-03-01,"exrate_can",99.13
2016-04-01,"exrate_can",101.6
2016-05-01,"exrate_can",101.3
2016-06-01,"exrate_can",101.84
2016-07-01,"exrate_can",101.03
2016-08-01,"exrate_can",101.01
2016-09-01,"exrate_can",100.47
2016-10-01,"exrate_can",99.81
2016-11-01,"exrate_can",99.31
2016-12-01,"exrate_can",100.82
2017-01-01,"exrate_can",101.83
2017-02-01,"exrate_can",102.16
2017-03-01,"exrate_can",99.7
2017-04-01,"exrate_can",99.1
2017-05-01,"exrate_can",97.42
2017-06-01,"exrate_can",99.09
2017-07-01,"exrate_can",103.22
2017-08-01,"exrate_can",103.51
2017-09-01,"exrate_can",105.87
2017-10-01,"exrate_can",104.03
2017-11-01,"exrate_can",102.68
2017-12-01,"exrate_can",102.48
2018-01-01,"exrate_can",104.12
2018-02-01,"exrate_can",102.45
2018-03-01,"exrate_can",99.69
2018-04-01,"exrate_can",101.22
2018-05-01,"exrate_can",101.44
2018-06-01,"exrate_can",100.08
2018-07-01,"exrate_can",100.32
2018-08-01,"exrate_can",101.57
2018-09-01,"exrate_can",101.61
2018-10-01,"exrate_can",102.29
2018-11-01,"exrate_can",101.2
2018-12-01,"exrate_can",99.22
2019-01-01,"exrate_can",99.43
2019-02-01,"exrate_can",100.27
2019-03-01,"exrate_can",99.16
2019-04-01,"exrate_can",99.15
2019-05-01,"exrate_can",99.01
2019-06-01,"exrate_can",100.16
2019-07-01,"exrate_can",101.58
2019-08-01,"exrate_can",101.03
2019-09-01,"exrate_can",101.41
2019-10-01,"exrate_can",101.63
2019-11-01,"exrate_can",101.09
2019-12-01,"exrate_can",101.42
2020-01-01,"exrate_can",101.85
2020-02-01,"exrate_can",100.83
2020-03-01,"exrate_can",97.17
2020-04-01,"exrate_can",97.15
2020-05-01,"exrate_can",97.62
2020-06-01,"exrate_can",99.72
2020-07-01,"exrate_can",99.69
2020-08-01,"exrate_can",101.07
2020-09-01,"exrate_can",100.9
2020-10-01,"exrate_can",100.67
2020-11-01,"exrate_can",101.06
2020-12-01,"exrate_can",102.28
2021-01-01,"exrate_can",102.77
2021-02-01,"exrate_can",103.26
2021-03-01,"exrate_can",104.89
2021-04-01,"exrate_can",105.29
2021-05-01,"exrate_can",108.06
2021-06-01,"exrate_can",107.43
2021-07-01,"exrate_can",105.28
2021-08-01,"exrate_can",104.78
2021-09-01,"exrate_can",104.16
2021-10-01,"exrate_can",106.42
2021-11-01,"exrate_can",105.74
2021-12-01,"exrate_can",104.08
2022-01-01,"exrate_can",105.31
2022-02-01,"exrate_can",104.48
2022-03-01,"exrate_can",105.63
2022-04-01,"exrate_can",106.44
2022-05-01,"exrate_can",105.7
2022-06-01,"exrate_can",106.2
2022-07-01,"exrate_can",106.07
2022-08-01,"exrate_can",106.37
2022-09-01,"exrate_can",104.35
2022-10-01,"exrate_can",102.03
2022-11-01,"exrate_can",103.13
2022-12-01,"exrate_can",100.9
2023-01-01,"exrate_can",101.01
2023-02-01,"exrate_can",101.21
2023-03-01,"exrate_can",99.59
2023-04-01,"exrate_can",100.57
2023-05-01,"exrate_can",100.66
2023-06-01,"exrate_can",102.65
2023-07-01,"exrate_can",102.95
2023-08-01,"exrate_can",101.54
2023-09-01,"exrate_can",101.77
2023-10-01,"exrate_can",101.05
2023-11-01,"exrate_can",100.12
2023-12-01,"exrate_can",101.81
2024-01-01,"exrate_can",101.98
2024-02-01,"exrate_can",101.74
2024-03-01,"exrate_can",101.23
2024-04-01,"exrate_can",100.83
2024-05-01,"exrate_can",100.65
2024-06-01,"exrate_can",100.96
2024-07-01,"exrate_can",100.84
2024-08-01,"exrate_can",100.69
2024-09-01,"exrate_can",101.33
2024-10-01,"exrate_can",100.28
2024-11-01,"exrate_can",99.62
2024-12-01,"exrate_can",98.11
2025-01-01,"exrate_can",97.5
2025-02-01,"exrate_can",97.79
2025-03-01,"exrate_can",96.79
2025-04-01,"exrate_can",98.77
2025-05-01,"exrate_can",98.99
2025-06-01,"exrate_can",99.88
2025-07-01,"exrate_can",99.61
2025-08-01,"exrate_can",98.92
2025-09-01,"exrate_can",98.48
2025-10-01,"exrate_can",97.52
2025-11-01,"exrate_can",97.31
2025-12-01,"exrate_can",98.75
2026-01-01,"exrate_can",98.58
2026-02-01,"exrate_can",99.03
2004-01-01,"gdp_can",1534133
2004-02-01,"gdp_can",1533153
2004-03-01,"gdp_can",1546782
2004-04-01,"gdp_can",1550713
2004-05-01,"gdp_can",1552199
2004-06-01,"gdp_can",1559745
2004-07-01,"gdp_can",1561166
2004-08-01,"gdp_can",1567772
2004-09-01,"gdp_can",1572150
2004-10-01,"gdp_can",1572634
2004-11-01,"gdp_can",1578521
2004-12-01,"gdp_can",1578808
2005-01-01,"gdp_can",1586464
2005-02-01,"gdp_can",1587514
2005-03-01,"gdp_can",1582075
2005-04-01,"gdp_can",1593743
2005-05-01,"gdp_can",1600541
2005-06-01,"gdp_can",1605305
2005-07-01,"gdp_can",1609419
2005-08-01,"gdp_can",1615485
2005-09-01,"gdp_can",1616815
2005-10-01,"gdp_can",1622249
2005-11-01,"gdp_can",1631120
2005-12-01,"gdp_can",1639741
2006-01-01,"gdp_can",1643777
2006-02-01,"gdp_can",1647376
2006-03-01,"gdp_can",1651113
2006-04-01,"gdp_can",1651447
2006-05-01,"gdp_can",1652209
2006-06-01,"gdp_can",1649492
2006-07-01,"gdp_can",1652499
2006-08-01,"gdp_can",1653687
2006-09-01,"gdp_can",1651259
2006-10-01,"gdp_can",1653852
2006-11-01,"gdp_can",1657476
2006-12-01,"gdp_can",1667863
2007-01-01,"gdp_can",1664270
2007-02-01,"gdp_can",1672314
2007-03-01,"gdp_can",1675800
2007-04-01,"gdp_can",1677975
2007-05-01,"gdp_can",1685392
2007-06-01,"gdp_can",1690289
2007-07-01,"gdp_can",1690162
2007-08-01,"gdp_can",1695381
2007-09-01,"gdp_can",1692836
2007-10-01,"gdp_can",1694950
2007-11-01,"gdp_can",1697058
2007-12-01,"gdp_can",1691174
2008-01-01,"gdp_can",1698880
2008-02-01,"gdp_can",1696406
2008-03-01,"gdp_can",1700023
2008-04-01,"gdp_can",1704115
2008-05-01,"gdp_can",1704579
2008-06-01,"gdp_can",1708443
2008-07-01,"gdp_can",1716325
2008-08-01,"gdp_can",1715409
2008-09-01,"gdp_can",1716204
2008-10-01,"gdp_can",1714704
2008-11-01,"gdp_can",1697771
2008-12-01,"gdp_can",1674768
2009-01-01,"gdp_can",1666991
2009-02-01,"gdp_can",1658505
2009-03-01,"gdp_can",1645177
2009-04-01,"gdp_can",1639899
2009-05-01,"gdp_can",1638174
2009-06-01,"gdp_can",1639999
2009-07-01,"gdp_can",1642487
2009-08-01,"gdp_can",1641555
2009-09-01,"gdp_can",1653564
2009-10-01,"gdp_can",1654908
2009-11-01,"gdp_can",1664123
2009-12-01,"gdp_can",1668363
2010-01-01,"gdp_can",1678021
2010-02-01,"gdp_can",1686248
2010-03-01,"gdp_can",1694010
2010-04-01,"gdp_can",1691697
2010-05-01,"gdp_can",1698996
2010-06-01,"gdp_can",1703350
2010-07-01,"gdp_can",1705789
2010-08-01,"gdp_can",1711006
2010-09-01,"gdp_can",1710945
2010-10-01,"gdp_can",1719924
2010-11-01,"gdp_can",1728219
2010-12-01,"gdp_can",1740477
2011-01-01,"gdp_can",1746417
2011-02-01,"gdp_can",1743481
2011-03-01,"gdp_can",1749013
2011-04-01,"gdp_can",1749342
2011-05-01,"gdp_can",1745554
2011-06-01,"gdp_can",1753173
2011-07-01,"gdp_can",1765092
2011-08-01,"gdp_can",1773823
2011-09-01,"gdp_can",1778505
2011-10-01,"gdp_can",1778220
2011-11-01,"gdp_can",1780181
2011-12-01,"gdp_can",1788771
2012-01-01,"gdp_can",1787361
2012-02-01,"gdp_can",1782919
2012-03-01,"gdp_can",1787629
2012-04-01,"gdp_can",1794004
2012-05-01,"gdp_can",1797035
2012-06-01,"gdp_can",1798097
2012-07-01,"gdp_can",1801767
2012-08-01,"gdp_can",1799507
2012-09-01,"gdp_can",1799362
2012-10-01,"gdp_can",1798607
2012-11-01,"gdp_can",1807197
2012-12-01,"gdp_can",1807020
2013-01-01,"gdp_can",1817341
2013-02-01,"gdp_can",1822625
2013-03-01,"gdp_can",1828781
2013-04-01,"gdp_can",1831872
2013-05-01,"gdp_can",1836789
2013-06-01,"gdp_can",1830069
2013-07-01,"gdp_can",1840589
2013-08-01,"gdp_can",1848660
2013-09-01,"gdp_can",1854965
2013-10-01,"gdp_can",1865044
2013-11-01,"gdp_can",1869704
2013-12-01,"gdp_can",1862085
2014-01-01,"gdp_can",1863016
2014-02-01,"gdp_can",1872372
2014-03-01,"gdp_can",1877319
2014-04-01,"gdp_can",1881089
2014-05-01,"gdp_can",1892936
2014-06-01,"gdp_can",1901582
2014-07-01,"gdp_can",1904231
2014-08-01,"gdp_can",1900243
2014-09-01,"gdp_can",1907853
2014-10-01,"gdp_can",1913336
2014-11-01,"gdp_can",1914595
2014-12-01,"gdp_can",1917540
2015-01-01,"gdp_can",1909565
2015-02-01,"gdp_can",1906992
2015-03-01,"gdp_can",1905893
2015-04-01,"gdp_can",1905308
2015-05-01,"gdp_can",1904276
2015-06-01,"gdp_can",1909478
2015-07-01,"gdp_can",1914310
2015-08-01,"gdp_can",1918420
2015-09-01,"gdp_can",1910549
2015-10-01,"gdp_can",1912416
2015-11-01,"gdp_can",1917017
2015-12-01,"gdp_can",1919231
2016-01-01,"gdp_can",1930936
2016-02-01,"gdp_can",1925200
2016-03-01,"gdp_can",1917977
2016-04-01,"gdp_can",1922218
2016-05-01,"gdp_can",1911266
2016-06-01,"gdp_can",1920413
2016-07-01,"gdp_can",1931752
2016-08-01,"gdp_can",1936249
2016-09-01,"gdp_can",1941208
2016-10-01,"gdp_can",1940191
2016-11-01,"gdp_can",1947487
2016-12-01,"gdp_can",1952976
2017-01-01,"gdp_can",1962155
2017-02-01,"gdp_can",1969469
2017-03-01,"gdp_can",1977866
2017-04-01,"gdp_can",1987063
2017-05-01,"gdp_can",1991768
2017-06-01,"gdp_can",1996318
2017-07-01,"gdp_can",1995107
2017-08-01,"gdp_can",1993806
2017-09-01,"gdp_can",1999292
2017-10-01,"gdp_can",2000229
2017-11-01,"gdp_can",2010076
2017-12-01,"gdp_can",2015284
2018-01-01,"gdp_can",2021609
2018-02-01,"gdp_can",2031970
2018-03-01,"gdp_can",2039998
2018-04-01,"gdp_can",2039816
2018-05-01,"gdp_can",2046802
2018-06-01,"gdp_can",2049081
2018-07-01,"gdp_can",2053571
2018-08-01,"gdp_can",2055624
2018-09-01,"gdp_can",2059043
2018-10-01,"gdp_can",2063564
2018-11-01,"gdp_can",2060609
2018-12-01,"gdp_can",2063997
2019-01-01,"gdp_can",2067734
2019-02-01,"gdp_can",2061072
2019-03-01,"gdp_can",2072695
2019-04-01,"gdp_can",2085981
2019-05-01,"gdp_can",2092171
2019-06-01,"gdp_can",2095977
2019-07-01,"gdp_can",2097018
2019-08-01,"gdp_can",2097194
2019-09-01,"gdp_can",2098648
2019-10-01,"gdp_can",2100483
2019-11-01,"gdp_can",2100304
2019-12-01,"gdp_can",2110627
2020-01-01,"gdp_can",2111589
2020-02-01,"gdp_can",2116017
2020-03-01,"gdp_can",1956479
2020-04-01,"gdp_can",1747938
2020-05-01,"gdp_can",1828028
2020-06-01,"gdp_can",1936321
2020-07-01,"gdp_can",1986120
2020-08-01,"gdp_can",2005910
2020-09-01,"gdp_can",2024699
2020-10-01,"gdp_can",2037348
2020-11-01,"gdp_can",2051205
2020-12-01,"gdp_can",2056758
2021-01-01,"gdp_can",2068509
2021-02-01,"gdp_can",2071653
2021-03-01,"gdp_can",2093651
2021-04-01,"gdp_can",2072052
2021-05-01,"gdp_can",2067784
2021-06-01,"gdp_can",2087291
2021-07-01,"gdp_can",2101493
2021-08-01,"gdp_can",2119124
2021-09-01,"gdp_can",2129287
2021-10-01,"gdp_can",2147254
2021-11-01,"gdp_can",2157217
2021-12-01,"gdp_can",2166129
2022-01-01,"gdp_can",2160859
2022-02-01,"gdp_can",2183889
2022-03-01,"gdp_can",2196942
2022-04-01,"gdp_can",2197345
2022-05-01,"gdp_can",2202456
2022-06-01,"gdp_can",2211634
2022-07-01,"gdp_can",2214919
2022-08-01,"gdp_can",2221513
2022-09-01,"gdp_can",2226368
2022-10-01,"gdp_can",2223909
2022-11-01,"gdp_can",2221392
2022-12-01,"gdp_can",2214902
2023-01-01,"gdp_can",2236190
2023-02-01,"gdp_can",2243830
2023-03-01,"gdp_can",2250566
2023-04-01,"gdp_can",2250710
2023-05-01,"gdp_can",2251250
2023-06-01,"gdp_can",2248378
2023-07-01,"gdp_can",2250903
2023-08-01,"gdp_can",2251926
2023-09-01,"gdp_can",2251153
2023-10-01,"gdp_can",2253540
2023-11-01,"gdp_can",2259470
2023-12-01,"gdp_can",2256668
2024-01-01,"gdp_can",2262764
2024-02-01,"gdp_can",2276470
2024-03-01,"gdp_can",2277491
2024-04-01,"gdp_can",2285643
2024-05-01,"gdp_can",2289038
2024-06-01,"gdp_can",2294051
2024-07-01,"gdp_can",2298623
2024-08-01,"gdp_can",2301315
2024-09-01,"gdp_can",2307523
2024-10-01,"gdp_can",2317073
2024-11-01,"gdp_can",2312337
2024-12-01,"gdp_can",2317000
2025-01-01,"gdp_can",2329240
2025-02-01,"gdp_can",2325406
2025-03-01,"gdp_can",2328046
2025-04-01,"gdp_can",2324598
2025-05-01,"gdp_can",2323068
2025-06-01,"gdp_can",2324008
2025-07-01,"gdp_can",2338441
2025-08-01,"gdp_can",2337229
2025-09-01,"gdp_can",2340854
2025-10-01,"gdp_can",2334503
2025-11-01,"gdp_can",2335511
2025-12-01,"gdp_can",2341221
2026-01-01,"gdp_can",2342804
2004-01-01,"gdp_us",1.24012143850383
2004-02-01,"gdp_us",2.51901341096051
2004-03-01,"gdp_us",3.68229549354374
2004-04-01,"gdp_us",2.34361574652796
2004-05-01,"gdp_us",3.86519086567423
2004-06-01,"gdp_us",3.15289812926828
2004-07-01,"gdp_us",4.44937936261801
2004-08-01,"gdp_us",3.65244101562627
2004-09-01,"gdp_us",3.14829751998559
2004-10-01,"gdp_us",4.17651836692173
2004-11-01,"gdp_us",3.99460896798682
2004-12-01,"gdp_us",6.08260348603883
2005-01-01,"gdp_us",5.16969957756739
2005-02-01,"gdp_us",3.72577745703994
2005-03-01,"gdp_us",0.585983274096145
2005-04-01,"gdp_us",2.17292132504676
2005-05-01,"gdp_us",1.21440556632279
2005-06-01,"gdp_us",3.85582617451319
2005-07-01,"gdp_us",3.29731375240498
2005-08-01,"gdp_us",4.48040266056225
2005-09-01,"gdp_us",0.327336317208226
2005-10-01,"gdp_us",0.994364241661129
2005-11-01,"gdp_us",3.34158921533847
2005-12-01,"gdp_us",5.13140457771197
2006-01-01,"gdp_us",7.20806516571789
2006-02-01,"gdp_us",4.8288876700828
2006-03-01,"gdp_us",3.22440976659768
2006-04-01,"gdp_us",-0.234724674142766
2006-05-01,"gdp_us",-0.227245207256412
2006-06-01,"gdp_us",-0.797510840729575
2006-07-01,"gdp_us",-0.567962474474236
2006-08-01,"gdp_us",2.76297945653322
2006-09-01,"gdp_us",3.37547559838882
2006-10-01,"gdp_us",3.72908800471947
2006-11-01,"gdp_us",3.35979468661636
2006-12-01,"gdp_us",3.40292939728598
2007-01-01,"gdp_us",-1.4511872388007
2007-02-01,"gdp_us",1.08767636854285
2007-03-01,"gdp_us",2.82115840371001
2007-04-01,"gdp_us",2.40473017711895
2007-05-01,"gdp_us",2.97252145415233
2007-06-01,"gdp_us",2.06192916812346
2007-07-01,"gdp_us",1.21243879792612
2007-08-01,"gdp_us",3.15778268101384
2007-09-01,"gdp_us",3.6339701329282
2007-10-01,"gdp_us",3.36845855920826
2007-11-01,"gdp_us",2.06015620777173
2007-12-01,"gdp_us",-2.10650388305796
2008-01-01,"gdp_us",-3.13876239412207
2008-02-01,"gdp_us",-2.48034353682588
2008-03-01,"gdp_us",1.13087703686143
2008-04-01,"gdp_us",4.482789878732
2008-05-01,"gdp_us",3.33758944356904
2008-06-01,"gdp_us",1.46944776919363
2008-07-01,"gdp_us",-1.66436388212248
2008-08-01,"gdp_us",-5.33301468556519
2008-09-01,"gdp_us",-9.57733393841875
2008-10-01,"gdp_us",-8.31729773358794
2008-11-01,"gdp_us",-11.1419206080678
2008-12-01,"gdp_us",-7.94701809081064
2009-01-01,"gdp_us",-4.30605724477762
2009-02-01,"gdp_us",0.529295042385318
2009-03-01,"gdp_us",-2.19605970208623
2009-04-01,"gdp_us",-0.542724983936385
2009-05-01,"gdp_us",-0.46231846914755
2009-06-01,"gdp_us",-0.0399007678631884
2009-07-01,"gdp_us",1.41418836151828
2009-08-01,"gdp_us",2.06690054405096
2009-09-01,"gdp_us",4.80067847661225
2009-10-01,"gdp_us",5.3253583407077
2009-11-01,"gdp_us",4.70422581531055
2009-12-01,"gdp_us",1.65714832841618
2010-01-01,"gdp_us",1.25706550231914
2010-02-01,"gdp_us",0.687699238856131
2010-03-01,"gdp_us",4.22259372632619
2010-04-01,"gdp_us",4.68383319244404
2010-05-01,"gdp_us",4.25160779113791
2010-06-01,"gdp_us",2.9883989372275
2010-07-01,"gdp_us",2.90021758451044
2010-08-01,"gdp_us",2.67297933239118
2010-09-01,"gdp_us",3.37664866504147
2010-10-01,"gdp_us",2.78808391258954
2010-11-01,"gdp_us",1.13505062361434
2010-12-01,"gdp_us",-1.2057339167438
2011-01-01,"gdp_us",-3.13893349751848
2011-02-01,"gdp_us",-1.33283691654078
2011-03-01,"gdp_us",4.79492191089552
2011-04-01,"gdp_us",3.81139795083726
2011-05-01,"gdp_us",2.44141988743531
2011-06-01,"gdp_us",-0.29525597869727
2011-07-01,"gdp_us",-1.89402130974419
2011-08-01,"gdp_us",0.0237520899122523
2011-09-01,"gdp_us",2.98051441378831
2011-10-01,"gdp_us",6.33633898465574
2011-11-01,"gdp_us",5.22021795001927
2011-12-01,"gdp_us",4.77649610276603
2012-01-01,"gdp_us",3.26304837121412
2012-02-01,"gdp_us",2.04589380370572
2012-03-01,"gdp_us",1.40362130256109
2012-04-01,"gdp_us",1.9858082648929
2012-05-01,"gdp_us",2.01232120281161
2012-06-01,"gdp_us",1.19400863036725
2012-07-01,"gdp_us",0.516583397828426
2012-08-01,"gdp_us",-0.148661664651593
2012-09-01,"gdp_us",-0.456024989776788
2012-10-01,"gdp_us",-0.689700711497294
2012-11-01,"gdp_us",1.69407068576648
2012-12-01,"gdp_us",3.90190353639992
2013-01-01,"gdp_us",4.86522952892488
2013-02-01,"gdp_us",5.15810550932681
2013-03-01,"gdp_us",0.922475990424132
2013-04-01,"gdp_us",-0.471112718799112
2013-05-01,"gdp_us",1.11637600056454
2013-06-01,"gdp_us",1.80546149886613
2013-07-01,"gdp_us",3.05185439893652
2013-08-01,"gdp_us",5.63267927843295
2013-09-01,"gdp_us",5.37638987716554
2013-10-01,"gdp_us",4.29860935036763
2013-11-01,"gdp_us",2.28734889193972
2013-12-01,"gdp_us",-2.62874971691442
2014-01-01,"gdp_us",-4.33054394037337
2014-02-01,"gdp_us",-0.407667344775511
2014-03-01,"gdp_us",4.34678062798976
2014-04-01,"gdp_us",5.92109471805987
2014-05-01,"gdp_us",6.92384819570118
2014-06-01,"gdp_us",6.30421953094854
2014-07-01,"gdp_us",5.54307004384618
2014-08-01,"gdp_us",2.76314364576433
2014-09-01,"gdp_us",1.79670807945714
2014-10-01,"gdp_us",0.913326587217645
2014-11-01,"gdp_us",2.42404623753767
2014-12-01,"gdp_us",4.21786390994658
2015-01-01,"gdp_us",3.45855678277506
2015-02-01,"gdp_us",3.41554173242724
2015-03-01,"gdp_us",4.20782690151119
2015-04-01,"gdp_us",2.09348866052819
2015-05-01,"gdp_us",1.23665141870436
2015-06-01,"gdp_us",1.64065151830961
2015-07-01,"gdp_us",2.58991468879978
2015-08-01,"gdp_us",0.767516630008633
2015-09-01,"gdp_us",0.562137356171763
2015-10-01,"gdp_us",0.299300356684363
2015-11-01,"gdp_us",0.720950582286305
2015-12-01,"gdp_us",2.40582962693237
2016-01-01,"gdp_us",3.29012490150854
2016-02-01,"gdp_us",2.29023689656265
2016-03-01,"gdp_us",0.822059029329584
2016-04-01,"gdp_us",0.944215116797194
2016-05-01,"gdp_us",0.800677948600966
2016-06-01,"gdp_us",3.16999396108699
2016-07-01,"gdp_us",3.48642071115954
2016-08-01,"gdp_us",2.65404625908515
2016-09-01,"gdp_us",2.53444644711717
2016-10-01,"gdp_us",2.07555034164833
2016-11-01,"gdp_us",1.75989896826437
2016-12-01,"gdp_us",2.44635602618419
2017-01-01,"gdp_us",2.18635775886087
2017-02-01,"gdp_us",1.43915061390489
2017-03-01,"gdp_us",1.37859745653644
2017-04-01,"gdp_us",2.68598437955337
2017-05-01,"gdp_us",2.23076734370606
2017-06-01,"gdp_us",3.38230342288117
2017-07-01,"gdp_us",2.73076137586658
2017-08-01,"gdp_us",3.41871049309158
2017-09-01,"gdp_us",4.26572415539139
2017-10-01,"gdp_us",5.22236436561052
2017-11-01,"gdp_us",4.45384687382653
2017-12-01,"gdp_us",3.82425984432323
2018-01-01,"gdp_us",2.65484833749562
2018-02-01,"gdp_us",3.77630737613661
2018-03-01,"gdp_us",1.54021382934574
2018-04-01,"gdp_us",1.87195883516378
2018-05-01,"gdp_us",1.68887542520429
2018-06-01,"gdp_us",3.20895874643261
2018-07-01,"gdp_us",2.844168771357
2018-08-01,"gdp_us",2.63574199039673
2018-09-01,"gdp_us",0.47647364061721
2018-10-01,"gdp_us",-0.667915967287443
2018-11-01,"gdp_us",0.563367755694757
2018-12-01,"gdp_us",2.38034956591638
2019-01-01,"gdp_us",2.92684241734049
2019-02-01,"gdp_us",2.69261192140071
2019-03-01,"gdp_us",2.90393065952369
2019-04-01,"gdp_us",2.33642730131158
2019-05-01,"gdp_us",4.50846088307215
2019-06-01,"gdp_us",5.42531619144311
2019-07-01,"gdp_us",5.30090707878222
2019-08-01,"gdp_us",4.64515659971858
2019-09-01,"gdp_us",1.31527336240102
2019-10-01,"gdp_us",0.836082840599073
2019-11-01,"gdp_us",4.57179852326947
2019-12-01,"gdp_us",5.5323060855057
2020-01-01,"gdp_us",1.26953538663279
2020-02-01,"gdp_us",-12.4751310627843
2020-03-01,"gdp_us",-42.1908374192705
2020-04-01,"gdp_us",-71.979538144261
2020-05-01,"gdp_us",-7.87463054824533
2020-06-01,"gdp_us",33.1927353069325
2020-07-01,"gdp_us",44.6815735645449
2020-08-01,"gdp_us",32.6102568590139
2020-09-01,"gdp_us",11.3530800764328
2020-10-01,"gdp_us",-2.44748172553868
2020-11-01,"gdp_us",-5.17330986093094
2020-12-01,"gdp_us",2.94302995779837
2021-01-01,"gdp_us",9.05586435334389
2021-02-01,"gdp_us",4.3991935909351
2021-03-01,"gdp_us",13.2203348126843
2021-04-01,"gdp_us",6.66069406773054
2021-05-01,"gdp_us",3.80476602499736
2021-06-01,"gdp_us",2.32202795411166
2021-07-01,"gdp_us",2.71593656982788
2021-08-01,"gdp_us",3.35449502041082
2021-09-01,"gdp_us",6.27462960153755
2021-10-01,"gdp_us",10.3191082417145
2021-11-01,"gdp_us",7.08326353917047
2021-12-01,"gdp_us",0.214282265350548
2022-01-01,"gdp_us",-4.36215327704037
2022-02-01,"gdp_us",-2.17549721786497
2022-03-01,"gdp_us",0.745585977723386
2022-04-01,"gdp_us",0.547985595820482
2022-05-01,"gdp_us",1.22421603618471
2022-06-01,"gdp_us",2.21748851920663
2022-07-01,"gdp_us",3.41125340478137
2022-08-01,"gdp_us",3.1564951894284
2022-09-01,"gdp_us",3.69239131011473
2022-10-01,"gdp_us",3.35028269350715
2022-11-01,"gdp_us",1.33409140562719
2022-12-01,"gdp_us",1.49977620108248
2023-01-01,"gdp_us",5.20153105693154
2023-02-01,"gdp_us",2.30471001102233
2023-03-01,"gdp_us",1.42326374481634
2023-04-01,"gdp_us",2.79206618957888
2023-05-01,"gdp_us",2.76202315755129
2023-06-01,"gdp_us",3.48252603245746
2023-07-01,"gdp_us",5.21632984257497
2023-08-01,"gdp_us",5.47159086061676
2023-09-01,"gdp_us",4.97442644975967
2023-10-01,"gdp_us",2.87134401106919
2023-11-01,"gdp_us",2.6878171615749
2023-12-01,"gdp_us",0.849818496448647
2024-01-01,"gdp_us",-1.81275017087972
2024-02-01,"gdp_us",2.87223338879804
2024-03-01,"gdp_us",2.84733229678157
2024-04-01,"gdp_us",3.56363620311464
2024-05-01,"gdp_us",4.65037161686135
2024-06-01,"gdp_us",3.18037549455213
2024-07-01,"gdp_us",2.79094855507557
2024-08-01,"gdp_us",3.51812891980137
2024-09-01,"gdp_us",3.15584193014932
2024-10-01,"gdp_us",1.83645937792383
2024-11-01,"gdp_us",1.08589408624598
2024-12-01,"gdp_us",-1.004451721816
2025-01-01,"gdp_us",-2.9061093729682
2025-02-01,"gdp_us",0.381119806136426
2025-03-01,"gdp_us",3.02862972289915
2025-04-01,"gdp_us",3.5125639896927
2025-05-01,"gdp_us",5.648599475145
2025-06-01,"gdp_us",5.62780707903715
2025-07-01,"gdp_us",5.3440110762326
2025-08-01,"gdp_us",2.54694115514169
2025-09-01,"gdp_us",0.502556086677766
2025-10-01,"gdp_us",-0.853815312139059
2025-11-01,"gdp_us",1.16956220274184
2025-12-01,"gdp_us",2.53892343782389
2004-01-01,"ippi_can",78.6
2004-02-01,"ippi_can",80.2
2004-03-01,"ippi_can",80.7
2004-04-01,"ippi_can",81.7
2004-05-01,"ippi_can",82.7
2004-06-01,"ippi_can",82.4
2004-07-01,"ippi_can",82.2
2004-08-01,"ippi_can",82.4
2004-09-01,"ippi_can",81.8
2004-10-01,"ippi_can",80.8
2004-11-01,"ippi_can",79.5
2004-12-01,"ippi_can",80.3
2005-01-01,"ippi_can",80.7
2005-02-01,"ippi_can",81.5
2005-03-01,"ippi_can",81.3
2005-04-01,"ippi_can",81.5
2005-05-01,"ippi_can",81.6
2005-06-01,"ippi_can",81.1
2005-07-01,"ippi_can",80.4
2005-08-01,"ippi_can",80.2
2005-09-01,"ippi_can",80
2005-10-01,"ippi_can",80.5
2005-11-01,"ippi_can",80.8
2005-12-01,"ippi_can",80.8
2006-01-01,"ippi_can",81.2
2006-02-01,"ippi_can",81.2
2006-03-01,"ippi_can",81.5
2006-04-01,"ippi_can",81.8
2006-05-01,"ippi_can",82
2006-06-01,"ippi_can",81.6
2006-07-01,"ippi_can",82.7
2006-08-01,"ippi_can",82.3
2006-09-01,"ippi_can",82.3
2006-10-01,"ippi_can",82.8
2006-11-01,"ippi_can",82.9
2006-12-01,"ippi_can",83.7
2007-01-01,"ippi_can",84.3
2007-02-01,"ippi_can",84.7
2007-03-01,"ippi_can",85.2
2007-04-01,"ippi_can",85.1
2007-05-01,"ippi_can",84.5
2007-06-01,"ippi_can",83.7
2007-07-01,"ippi_can",83
2007-08-01,"ippi_can",82.4
2007-09-01,"ippi_can",81.5
2007-10-01,"ippi_can",80.5
2007-11-01,"ippi_can",80.3
2007-12-01,"ippi_can",81.2
2008-01-01,"ippi_can",82
2008-02-01,"ippi_can",82
2008-03-01,"ippi_can",82.8
2008-04-01,"ippi_can",83.5
2008-05-01,"ippi_can",83.4
2008-06-01,"ippi_can",84.3
2008-07-01,"ippi_can",84.9
2008-08-01,"ippi_can",86
2008-09-01,"ippi_can",85.6
2008-10-01,"ippi_can",87.3
2008-11-01,"ippi_can",86.7
2008-12-01,"ippi_can",86.2
2009-01-01,"ippi_can",86.1
2009-02-01,"ippi_can",86.3
2009-03-01,"ippi_can",86.6
2009-04-01,"ippi_can",86.1
2009-05-01,"ippi_can",84.5
2009-06-01,"ippi_can",84.1
2009-07-01,"ippi_can",84
2009-08-01,"ippi_can",84
2009-09-01,"ippi_can",83.7
2009-10-01,"ippi_can",83.2
2009-11-01,"ippi_can",83.6
2009-12-01,"ippi_can",83.9
2010-01-01,"ippi_can",84
2010-02-01,"ippi_can",84.1
2010-03-01,"ippi_can",83.8
2010-04-01,"ippi_can",84.2
2010-05-01,"ippi_can",84.9
2010-06-01,"ippi_can",84.3
2010-07-01,"ippi_can",84.3
2010-08-01,"ippi_can",84.8
2010-09-01,"ippi_can",85.2
2010-10-01,"ippi_can",85.6
2010-11-01,"ippi_can",85.9
2010-12-01,"ippi_can",86.4
2011-01-01,"ippi_can",86.7
2011-02-01,"ippi_can",87.3
2011-03-01,"ippi_can",87.8
2011-04-01,"ippi_can",88.2
2011-05-01,"ippi_can",87.9
2011-06-01,"ippi_can",88.2
2011-07-01,"ippi_can",88
2011-08-01,"ippi_can",89.1
2011-09-01,"ippi_can",89.4
2011-10-01,"ippi_can",88.5
2011-11-01,"ippi_can",88.6
2011-12-01,"ippi_can",88.1
2012-01-01,"ippi_can",88.3
2012-02-01,"ippi_can",88.8
2012-03-01,"ippi_can",88.7
2012-04-01,"ippi_can",88.7
2012-05-01,"ippi_can",88.6
2012-06-01,"ippi_can",88.9
2012-07-01,"ippi_can",88.3
2012-08-01,"ippi_can",87.9
2012-09-01,"ippi_can",88.4
2012-10-01,"ippi_can",88.4
2012-11-01,"ippi_can",88.6
2012-12-01,"ippi_can",88.6
2013-01-01,"ippi_can",88.6
2013-02-01,"ippi_can",89.1
2013-03-01,"ippi_can",89.1
2013-04-01,"ippi_can",88.7
2013-05-01,"ippi_can",88.5
2013-06-01,"ippi_can",88.6
2013-07-01,"ippi_can",88.3
2013-08-01,"ippi_can",88.6
2013-09-01,"ippi_can",88.3
2013-10-01,"ippi_can",88.2
2013-11-01,"ippi_can",88.4
2013-12-01,"ippi_can",88.7
2014-01-01,"ippi_can",89.9
2014-02-01,"ippi_can",90.8
2014-03-01,"ippi_can",91.3
2014-04-01,"ippi_can",91.1
2014-05-01,"ippi_can",90.7
2014-06-01,"ippi_can",90.8
2014-07-01,"ippi_can",91.1
2014-08-01,"ippi_can",91.3
2014-09-01,"ippi_can",91.3
2014-10-01,"ippi_can",91.4
2014-11-01,"ippi_can",91.5
2014-12-01,"ippi_can",91.7
2015-01-01,"ippi_can",93.1
2015-02-01,"ippi_can",94
2015-03-01,"ippi_can",93.9
2015-04-01,"ippi_can",93.5
2015-05-01,"ippi_can",93.4
2015-06-01,"ippi_can",93.7
2015-07-01,"ippi_can",94.6
2015-08-01,"ippi_can",95
2015-09-01,"ippi_can",95.1
2015-10-01,"ippi_can",94.7
2015-11-01,"ippi_can",94.4
2015-12-01,"ippi_can",94.9
2016-01-01,"ippi_can",96.4
2016-02-01,"ippi_can",95.8
2016-03-01,"ippi_can",94.6
2016-04-01,"ippi_can",93.7
2016-05-01,"ippi_can",94.2
2016-06-01,"ippi_can",94.5
2016-07-01,"ippi_can",95.4
2016-08-01,"ippi_can",95.1
2016-09-01,"ippi_can",95.4
2016-10-01,"ippi_can",95.6
2016-11-01,"ippi_can",96.4
2016-12-01,"ippi_can",96
2017-01-01,"ippi_can",96.4
2017-02-01,"ippi_can",96.7
2017-03-01,"ippi_can",97.7
2017-04-01,"ippi_can",98
2017-05-01,"ippi_can",98.6
2017-06-01,"ippi_can",97.9
2017-07-01,"ippi_can",96.3
2017-08-01,"ippi_can",96.3
2017-09-01,"ippi_can",95.3
2017-10-01,"ippi_can",96.3
2017-11-01,"ippi_can",97
2017-12-01,"ippi_can",97
2018-01-01,"ippi_can",97.2
2018-02-01,"ippi_can",97.7
2018-03-01,"ippi_can",98.5
2018-04-01,"ippi_can",98.5
2018-05-01,"ippi_can",99.2
2018-06-01,"ippi_can",100
2018-07-01,"ippi_can",99.7
2018-08-01,"ippi_can",99.2
2018-09-01,"ippi_can",99.2
2018-10-01,"ippi_can",99.3
2018-11-01,"ippi_can",99.5
2018-12-01,"ippi_can",99.9
2019-01-01,"ippi_can",99.8
2019-02-01,"ippi_can",99.6
2019-03-01,"ippi_can",100.1
2019-04-01,"ippi_can",100.4
2019-05-01,"ippi_can",100.2
2019-06-01,"ippi_can",99.6
2019-07-01,"ippi_can",99
2019-08-01,"ippi_can",99.7
2019-09-01,"ippi_can",99.5
2019-10-01,"ippi_can",99.4
2019-11-01,"ippi_can",99.4
2019-12-01,"ippi_can",99.7
2020-01-01,"ippi_can",100
2020-02-01,"ippi_can",100.6
2020-03-01,"ippi_can",101.7
2020-04-01,"ippi_can",101.7
2020-05-01,"ippi_can",102.2
2020-06-01,"ippi_can",101.4
2020-07-01,"ippi_can",101.9
2020-08-01,"ippi_can",103.1
2020-09-01,"ippi_can",104.3
2020-10-01,"ippi_can",104.3
2020-11-01,"ippi_can",103.6
2020-12-01,"ippi_can",104.7
2021-01-01,"ippi_can",106.4
2021-02-01,"ippi_can",108.8
2021-03-01,"ippi_can",110.4
2021-04-01,"ippi_can",112.9
2021-05-01,"ippi_can",115.9
2021-06-01,"ippi_can",116
2021-07-01,"ippi_can",115.6
2021-08-01,"ippi_can",115.3
2021-09-01,"ippi_can",116.3
2021-10-01,"ippi_can",117.1
2021-11-01,"ippi_can",117.3
2021-12-01,"ippi_can",118.6
2022-01-01,"ippi_can",120.7
2022-02-01,"ippi_can",123.2
2022-03-01,"ippi_can",125.3
2022-04-01,"ippi_can",125.9
2022-05-01,"ippi_can",126.1
2022-06-01,"ippi_can",124.2
2022-07-01,"ippi_can",123.1
2022-08-01,"ippi_can",122.5
2022-09-01,"ippi_can",123
2022-10-01,"ippi_can",124
2022-11-01,"ippi_can",123.7
2022-12-01,"ippi_can",124.4
2023-01-01,"ippi_can",124.3
2023-02-01,"ippi_can",124.4
2023-03-01,"ippi_can",124.8
2023-04-01,"ippi_can",124.9
2023-05-01,"ippi_can",124.9
2023-06-01,"ippi_can",123.7
2023-07-01,"ippi_can",123.1
2023-08-01,"ippi_can",123.9
2023-09-01,"ippi_can",123.9
2023-10-01,"ippi_can",123.6
2023-11-01,"ippi_can",123.5
2023-12-01,"ippi_can",122.7
2024-01-01,"ippi_can",122.8
2024-02-01,"ippi_can",123.5
2024-03-01,"ippi_can",124.5
2024-04-01,"ippi_can",126.4
2024-05-01,"ippi_can",127.3
2024-06-01,"ippi_can",127.2
2024-07-01,"ippi_can",126.9
2024-08-01,"ippi_can",126.4
2024-09-01,"ippi_can",126.3
2024-10-01,"ippi_can",127.6
2024-11-01,"ippi_can",128.2
2024-12-01,"ippi_can",128.8
2025-01-01,"ippi_can",130
2025-02-01,"ippi_can",130.8
2025-03-01,"ippi_can",131.7
2025-04-01,"ippi_can",131.2
2025-05-01,"ippi_can",130
2025-06-01,"ippi_can",130.2
2025-07-01,"ippi_can",130.8
2025-08-01,"ippi_can",131.3
2025-09-01,"ippi_can",132.3
2025-10-01,"ippi_can",134.6
2025-11-01,"ippi_can",135.5
2025-12-01,"ippi_can",135.7
2026-01-01,"ippi_can",139.7
2026-02-01,"ippi_can",139.2
2004-01-01,"mxp_us",98.5
2004-02-01,"mxp_us",98.9
2004-03-01,"mxp_us",99.1
2004-04-01,"mxp_us",99.4
2004-05-01,"mxp_us",99.6
2004-06-01,"mxp_us",99.7
2004-07-01,"mxp_us",99.7
2004-08-01,"mxp_us",100
2004-09-01,"mxp_us",100.1
2004-10-01,"mxp_us",100
2004-11-01,"mxp_us",100.9
2004-12-01,"mxp_us",101.3
2005-01-01,"mxp_us",101.6
2005-02-01,"mxp_us",101.7
2005-03-01,"mxp_us",102
2005-04-01,"mxp_us",102.4
2005-05-01,"mxp_us",102.2
2005-06-01,"mxp_us",102
2005-07-01,"mxp_us",101.8
2005-08-01,"mxp_us",101.9
2005-09-01,"mxp_us",102.8
2005-10-01,"mxp_us",103.8
2005-11-01,"mxp_us",103.7
2005-12-01,"mxp_us",103.7
2006-01-01,"mxp_us",104
2006-02-01,"mxp_us",103.3
2006-03-01,"mxp_us",103
2006-04-01,"mxp_us",103.1
2006-05-01,"mxp_us",103.8
2006-06-01,"mxp_us",104.2
2006-07-01,"mxp_us",104.2
2006-08-01,"mxp_us",104.7
2006-09-01,"mxp_us",104.8
2006-10-01,"mxp_us",104.2
2006-11-01,"mxp_us",105.2
2006-12-01,"mxp_us",105.7
2007-01-01,"mxp_us",105.6
2007-02-01,"mxp_us",105.6
2007-03-01,"mxp_us",105.9
2007-04-01,"mxp_us",106.2
2007-05-01,"mxp_us",106.8
2007-06-01,"mxp_us",107.1
2007-07-01,"mxp_us",107.2
2007-08-01,"mxp_us",107.2
2007-09-01,"mxp_us",107.1
2007-10-01,"mxp_us",107.7
2007-11-01,"mxp_us",108.5
2007-12-01,"mxp_us",108.9
2008-01-01,"mxp_us",109.7
2008-02-01,"mxp_us",110.4
2008-03-01,"mxp_us",111.6
2008-04-01,"mxp_us",113.1
2008-05-01,"mxp_us",113.9
2008-06-01,"mxp_us",114.9
2008-07-01,"mxp_us",115.6
2008-08-01,"mxp_us",115.1
2008-09-01,"mxp_us",114
2008-10-01,"mxp_us",113
2008-11-01,"mxp_us",111.1
2008-12-01,"mxp_us",109.9
2009-01-01,"mxp_us",109
2009-02-01,"mxp_us",108.2
2009-03-01,"mxp_us",107.3
2009-04-01,"mxp_us",107.1
2009-05-01,"mxp_us",107.3
2009-06-01,"mxp_us",107.4
2009-07-01,"mxp_us",107.2
2009-08-01,"mxp_us",107.6
2009-09-01,"mxp_us",107.9
2009-10-01,"mxp_us",108.4
2009-11-01,"mxp_us",109.1
2009-12-01,"mxp_us",109.7
2010-01-01,"mxp_us",110.3
2010-02-01,"mxp_us",110.4
2010-03-01,"mxp_us",110.3
2010-04-01,"mxp_us",110.8
2010-05-01,"mxp_us",111.2
2010-06-01,"mxp_us",110.7
2010-07-01,"mxp_us",110.5
2010-08-01,"mxp_us",110.7
2010-09-01,"mxp_us",111
2010-10-01,"mxp_us",111.3
2010-11-01,"mxp_us",112.2
2010-12-01,"mxp_us",112.6
2011-01-01,"mxp_us",113.6
2011-02-01,"mxp_us",114.4
2011-03-01,"mxp_us",115
2011-04-01,"mxp_us",115.9
2011-05-01,"mxp_us",116.4
2011-06-01,"mxp_us",116.4
2011-07-01,"mxp_us",116.5
2011-08-01,"mxp_us",116.8
2011-09-01,"mxp_us",117
2011-10-01,"mxp_us",116.6
2011-11-01,"mxp_us",116.3
2011-12-01,"mxp_us",116.4
2012-01-01,"mxp_us",116.4
2012-02-01,"mxp_us",116.3
2012-03-01,"mxp_us",116.7
2012-04-01,"mxp_us",116.7
2012-05-01,"mxp_us",116.6
2012-06-01,"mxp_us",116.3
2012-07-01,"mxp_us",115.9
2012-08-01,"mxp_us",115.8
2012-09-01,"mxp_us",116
2012-10-01,"mxp_us",116.4
2012-11-01,"mxp_us",116.4
2012-12-01,"mxp_us",116.5
2013-01-01,"mxp_us",116.6
2013-02-01,"mxp_us",116.6
2013-03-01,"mxp_us",116.5
2013-04-01,"mxp_us",116.5
2013-05-01,"mxp_us",116.1
2013-06-01,"mxp_us",115.7
2013-07-01,"mxp_us",115
2013-08-01,"mxp_us",114.8
2013-09-01,"mxp_us",114.8
2013-10-01,"mxp_us",114.9
2013-11-01,"mxp_us",115
2013-12-01,"mxp_us",115.2
2014-01-01,"mxp_us",115.7
2014-02-01,"mxp_us",116
2014-03-01,"mxp_us",116.5
2014-04-01,"mxp_us",116.1
2014-05-01,"mxp_us",116
2014-06-01,"mxp_us",115.8
2014-07-01,"mxp_us",115.8
2014-08-01,"mxp_us",115.7
2014-09-01,"mxp_us",115.6
2014-10-01,"mxp_us",115.4
2014-11-01,"mxp_us",115.1
2014-12-01,"mxp_us",115.1
2015-01-01,"mxp_us",114.3
2015-02-01,"mxp_us",114
2015-03-01,"mxp_us",113.5
2015-04-01,"mxp_us",113
2015-05-01,"mxp_us",112.9
2015-06-01,"mxp_us",112.8
2015-07-01,"mxp_us",112.5
2015-08-01,"mxp_us",112.1
2015-09-01,"mxp_us",111.9
2015-10-01,"mxp_us",111.5
2015-11-01,"mxp_us",111.2
2015-12-01,"mxp_us",110.8
2016-01-01,"mxp_us",110.7
2016-02-01,"mxp_us",110.5
2016-03-01,"mxp_us",110.4
2016-04-01,"mxp_us",110.4
2016-05-01,"mxp_us",110.8
2016-06-01,"mxp_us",110.5
2016-07-01,"mxp_us",111
2016-08-01,"mxp_us",111.1
2016-09-01,"mxp_us",111.2
2016-10-01,"mxp_us",111.1
2016-11-01,"mxp_us",111.1
2016-12-01,"mxp_us",111.1
2017-01-01,"mxp_us",111.2
2017-02-01,"mxp_us",111.5
2017-03-01,"mxp_us",111.6
2017-04-01,"mxp_us",111.9
2017-05-01,"mxp_us",111.9
2017-06-01,"mxp_us",112
2017-07-01,"mxp_us",111.9
2017-08-01,"mxp_us",112.1
2017-09-01,"mxp_us",112.5
2017-10-01,"mxp_us",112.5
2017-11-01,"mxp_us",112.7
2017-12-01,"mxp_us",112.6
2018-01-01,"mxp_us",113.3
2018-02-01,"mxp_us",113.7
2018-03-01,"mxp_us",113.7
2018-04-01,"mxp_us",113.8
2018-05-01,"mxp_us",113.9
2018-06-01,"mxp_us",113.5
2018-07-01,"mxp_us",113.4
2018-08-01,"mxp_us",113.1
2018-09-01,"mxp_us",113.2
2018-10-01,"mxp_us",113.4
2018-11-01,"mxp_us",113.5
2018-12-01,"mxp_us",113.7
2019-01-01,"mxp_us",113
2019-02-01,"mxp_us",113.2
2019-03-01,"mxp_us",113.2
2019-04-01,"mxp_us",112.7
2019-05-01,"mxp_us",112.4
2019-06-01,"mxp_us",112
2019-07-01,"mxp_us",111.9
2019-08-01,"mxp_us",111.8
2019-09-01,"mxp_us",111.8
2019-10-01,"mxp_us",111.7
2019-11-01,"mxp_us",111.8
2019-12-01,"mxp_us",112
2020-01-01,"mxp_us",112.1
2020-02-01,"mxp_us",112.3
2020-03-01,"mxp_us",112.1
2020-04-01,"mxp_us",111.5
2020-05-01,"mxp_us",111.6
2020-06-01,"mxp_us",111.9
2020-07-01,"mxp_us",112.1
2020-08-01,"mxp_us",113
2020-09-01,"mxp_us",113.7
2020-10-01,"mxp_us",113.6
2020-11-01,"mxp_us",113.6
2020-12-01,"mxp_us",114.1
2021-01-01,"mxp_us",115.1
2021-02-01,"mxp_us",115.7
2021-03-01,"mxp_us",116.7
2021-04-01,"mxp_us",117.6
2021-05-01,"mxp_us",118.8
2021-06-01,"mxp_us",119.6
2021-07-01,"mxp_us",119.7
2021-08-01,"mxp_us",119.7
2021-09-01,"mxp_us",119.9
2021-10-01,"mxp_us",120.7
2021-11-01,"mxp_us",121.5
2021-12-01,"mxp_us",122
2022-01-01,"mxp_us",123.8
2022-02-01,"mxp_us",124.8
2022-03-01,"mxp_us",126.2
2022-04-01,"mxp_us",126.8
2022-05-01,"mxp_us",126.7
2022-06-01,"mxp_us",126
2022-07-01,"mxp_us",125.2
2022-08-01,"mxp_us",124.9
2022-09-01,"mxp_us",124.5
2022-10-01,"mxp_us",124.3
2022-11-01,"mxp_us",124
2022-12-01,"mxp_us",125.1
2023-01-01,"mxp_us",125.5
2023-02-01,"mxp_us",125.1
2023-03-01,"mxp_us",124.3
2023-04-01,"mxp_us",124.1
2023-05-01,"mxp_us",123.9
2023-06-01,"mxp_us",123.5
2023-07-01,"mxp_us",123.5
2023-08-01,"mxp_us",123.3
2023-09-01,"mxp_us",123.1
2023-10-01,"mxp_us",122.8
2023-11-01,"mxp_us",123.1
2023-12-01,"mxp_us",123.1
2024-01-01,"mxp_us",123.9
2024-02-01,"mxp_us",123.9
2024-03-01,"mxp_us",124.1
2024-04-01,"mxp_us",124.8
2024-05-01,"mxp_us",124.5
2024-06-01,"mxp_us",124.8
2024-07-01,"mxp_us",125
2024-08-01,"mxp_us",125
2024-09-01,"mxp_us",125.3
2024-10-01,"mxp_us",125.6
2024-11-01,"mxp_us",125.7
2024-12-01,"mxp_us",125.9
2025-01-01,"mxp_us",126
2025-02-01,"mxp_us",126.2
2025-03-01,"mxp_us",126
2025-04-01,"mxp_us",126.3
2025-05-01,"mxp_us",126.1
2025-06-01,"mxp_us",125.8
2025-07-01,"mxp_us",125.9
2025-08-01,"mxp_us",125.8
2025-09-01,"mxp_us",125.8
2025-11-01,"mxp_us",126.6
2025-12-01,"mxp_us",127.1
2026-01-01,"mxp_us",128.1
2026-02-01,"mxp_us",129.7
2004-01-01,"oil_wti",34.31
2004-02-01,"oil_wti",34.69
2004-03-01,"oil_wti",36.74
2004-04-01,"oil_wti",36.75
2004-05-01,"oil_wti",40.28
2004-06-01,"oil_wti",38.03
2004-07-01,"oil_wti",40.78
2004-08-01,"oil_wti",44.9
2004-09-01,"oil_wti",45.94
2004-10-01,"oil_wti",53.28
2004-11-01,"oil_wti",48.47
2004-12-01,"oil_wti",43.15
2005-01-01,"oil_wti",46.84
2005-02-01,"oil_wti",48.15
2005-03-01,"oil_wti",54.19
2005-04-01,"oil_wti",52.98
2005-05-01,"oil_wti",49.83
2005-06-01,"oil_wti",56.35
2005-07-01,"oil_wti",59
2005-08-01,"oil_wti",64.99
2005-09-01,"oil_wti",65.59
2005-10-01,"oil_wti",62.26
2005-11-01,"oil_wti",58.32
2005-12-01,"oil_wti",59.41
2006-01-01,"oil_wti",65.49
2006-02-01,"oil_wti",61.63
2006-03-01,"oil_wti",62.69
2006-04-01,"oil_wti",69.44
2006-05-01,"oil_wti",70.84
2006-06-01,"oil_wti",70.95
2006-07-01,"oil_wti",74.41
2006-08-01,"oil_wti",73.04
2006-09-01,"oil_wti",63.8
2006-10-01,"oil_wti",58.89
2006-11-01,"oil_wti",59.08
2006-12-01,"oil_wti",61.96
2007-01-01,"oil_wti",54.51
2007-02-01,"oil_wti",59.28
2007-03-01,"oil_wti",60.44
2007-04-01,"oil_wti",63.98
2007-05-01,"oil_wti",63.46
2007-06-01,"oil_wti",67.49
2007-07-01,"oil_wti",74.12
2007-08-01,"oil_wti",72.36
2007-09-01,"oil_wti",79.92
2007-10-01,"oil_wti",85.8
2007-11-01,"oil_wti",94.77
2007-12-01,"oil_wti",91.69
2008-01-01,"oil_wti",92.97
2008-02-01,"oil_wti",95.39
2008-03-01,"oil_wti",105.45
2008-04-01,"oil_wti",112.58
2008-05-01,"oil_wti",125.4
2008-06-01,"oil_wti",133.88
2008-07-01,"oil_wti",133.37
2008-08-01,"oil_wti",116.67
2008-09-01,"oil_wti",104.11
2008-10-01,"oil_wti",76.61
2008-11-01,"oil_wti",57.31
2008-12-01,"oil_wti",41.12
2009-01-01,"oil_wti",41.71
2009-02-01,"oil_wti",39.09
2009-03-01,"oil_wti",47.94
2009-04-01,"oil_wti",49.65
2009-05-01,"oil_wti",59.03
2009-06-01,"oil_wti",69.64
2009-07-01,"oil_wti",64.15
2009-08-01,"oil_wti",71.05
2009-09-01,"oil_wti",69.41
2009-10-01,"oil_wti",75.72
2009-11-01,"oil_wti",77.99
2009-12-01,"oil_wti",74.47
2010-01-01,"oil_wti",78.33
2010-02-01,"oil_wti",76.39
2010-03-01,"oil_wti",81.2
2010-04-01,"oil_wti",84.29
2010-05-01,"oil_wti",73.74
2010-06-01,"oil_wti",75.34
2010-07-01,"oil_wti",76.32
2010-08-01,"oil_wti",76.6
2010-09-01,"oil_wti",75.24
2010-10-01,"oil_wti",81.89
2010-11-01,"oil_wti",84.25
2010-12-01,"oil_wti",89.15
2011-01-01,"oil_wti",89.17
2011-02-01,"oil_wti",88.58
2011-03-01,"oil_wti",102.86
2011-04-01,"oil_wti",109.53
2011-05-01,"oil_wti",100.9
2011-06-01,"oil_wti",96.26
2011-07-01,"oil_wti",97.3
2011-08-01,"oil_wti",86.33
2011-09-01,"oil_wti",85.52
2011-10-01,"oil_wti",86.32
2011-11-01,"oil_wti",97.16
2011-12-01,"oil_wti",98.56
2012-01-01,"oil_wti",100.27
2012-02-01,"oil_wti",102.2
2012-03-01,"oil_wti",106.16
2012-04-01,"oil_wti",103.32
2012-05-01,"oil_wti",94.66
2012-06-01,"oil_wti",82.3
2012-07-01,"oil_wti",87.9
2012-08-01,"oil_wti",94.13
2012-09-01,"oil_wti",94.51
2012-10-01,"oil_wti",89.49
2012-11-01,"oil_wti",86.53
2012-12-01,"oil_wti",87.86
2013-01-01,"oil_wti",94.76
2013-02-01,"oil_wti",95.31
2013-03-01,"oil_wti",92.94
2013-04-01,"oil_wti",92.02
2013-05-01,"oil_wti",94.51
2013-06-01,"oil_wti",95.77
2013-07-01,"oil_wti",104.67
2013-08-01,"oil_wti",106.57
2013-09-01,"oil_wti",106.29
2013-10-01,"oil_wti",100.54
2013-11-01,"oil_wti",93.86
2013-12-01,"oil_wti",97.63
2014-01-01,"oil_wti",94.62
2014-02-01,"oil_wti",100.82
2014-03-01,"oil_wti",100.8
2014-04-01,"oil_wti",102.07
2014-05-01,"oil_wti",102.18
2014-06-01,"oil_wti",105.79
2014-07-01,"oil_wti",103.59
2014-08-01,"oil_wti",96.54
2014-09-01,"oil_wti",93.21
2014-10-01,"oil_wti",84.4
2014-11-01,"oil_wti",75.79
2014-12-01,"oil_wti",59.29
2015-01-01,"oil_wti",47.22
2015-02-01,"oil_wti",50.58
2015-03-01,"oil_wti",47.82
2015-04-01,"oil_wti",54.45
2015-05-01,"oil_wti",59.27
2015-06-01,"oil_wti",59.82
2015-07-01,"oil_wti",50.9
2015-08-01,"oil_wti",42.87
2015-09-01,"oil_wti",45.48
2015-10-01,"oil_wti",46.22
2015-11-01,"oil_wti",42.44
2015-12-01,"oil_wti",37.19
2016-01-01,"oil_wti",31.68
2016-02-01,"oil_wti",30.32
2016-03-01,"oil_wti",37.55
2016-04-01,"oil_wti",40.75
2016-05-01,"oil_wti",46.71
2016-06-01,"oil_wti",48.76
2016-07-01,"oil_wti",44.65
2016-08-01,"oil_wti",44.72
2016-09-01,"oil_wti",45.18
2016-10-01,"oil_wti",49.78
2016-11-01,"oil_wti",45.66
2016-12-01,"oil_wti",51.97
2017-01-01,"oil_wti",52.5
2017-02-01,"oil_wti",53.47
2017-03-01,"oil_wti",49.33
2017-04-01,"oil_wti",51.06
2017-05-01,"oil_wti",48.48
2017-06-01,"oil_wti",45.18
2017-07-01,"oil_wti",46.63
2017-08-01,"oil_wti",48.04
2017-09-01,"oil_wti",49.82
2017-10-01,"oil_wti",51.58
2017-11-01,"oil_wti",56.64
2017-12-01,"oil_wti",57.88
2018-01-01,"oil_wti",63.7
2018-02-01,"oil_wti",62.23
2018-03-01,"oil_wti",62.73
2018-04-01,"oil_wti",66.25
2018-05-01,"oil_wti",69.98
2018-06-01,"oil_wti",67.87
2018-07-01,"oil_wti",70.98
2018-08-01,"oil_wti",68.06
2018-09-01,"oil_wti",70.23
2018-10-01,"oil_wti",70.75
2018-11-01,"oil_wti",56.96
2018-12-01,"oil_wti",49.52
2019-01-01,"oil_wti",51.38
2019-02-01,"oil_wti",54.95
2019-03-01,"oil_wti",58.15
2019-04-01,"oil_wti",63.86
2019-05-01,"oil_wti",60.83
2019-06-01,"oil_wti",54.66
2019-07-01,"oil_wti",57.35
2019-08-01,"oil_wti",54.81
2019-09-01,"oil_wti",56.95
2019-10-01,"oil_wti",53.96
2019-11-01,"oil_wti",57.03
2019-12-01,"oil_wti",59.88
2020-01-01,"oil_wti",57.52
2020-02-01,"oil_wti",50.54
2020-03-01,"oil_wti",29.21
2020-04-01,"oil_wti",16.55
2020-05-01,"oil_wti",28.56
2020-06-01,"oil_wti",38.31
2020-07-01,"oil_wti",40.71
2020-08-01,"oil_wti",42.34
2020-09-01,"oil_wti",39.63
2020-10-01,"oil_wti",39.4
2020-11-01,"oil_wti",40.94
2020-12-01,"oil_wti",47.02
2021-01-01,"oil_wti",52
2021-02-01,"oil_wti",59.04
2021-03-01,"oil_wti",62.33
2021-04-01,"oil_wti",61.72
2021-05-01,"oil_wti",65.17
2021-06-01,"oil_wti",71.38
2021-07-01,"oil_wti",72.49
2021-08-01,"oil_wti",67.73
2021-09-01,"oil_wti",71.65
2021-10-01,"oil_wti",81.48
2021-11-01,"oil_wti",79.15
2021-12-01,"oil_wti",71.71
2022-01-01,"oil_wti",83.22
2022-02-01,"oil_wti",91.64
2022-03-01,"oil_wti",108.5
2022-04-01,"oil_wti",101.78
2022-05-01,"oil_wti",109.55
2022-06-01,"oil_wti",114.84
2022-07-01,"oil_wti",101.62
2022-08-01,"oil_wti",93.67
2022-09-01,"oil_wti",84.26
2022-10-01,"oil_wti",87.55
2022-11-01,"oil_wti",84.37
2022-12-01,"oil_wti",76.44
2023-01-01,"oil_wti",78.12
2023-02-01,"oil_wti",76.83
2023-03-01,"oil_wti",73.28
2023-04-01,"oil_wti",79.45
2023-05-01,"oil_wti",71.58
2023-06-01,"oil_wti",70.25
2023-07-01,"oil_wti",76.07
2023-08-01,"oil_wti",81.39
2023-09-01,"oil_wti",89.43
2023-10-01,"oil_wti",85.64
2023-11-01,"oil_wti",77.69
2023-12-01,"oil_wti",71.9
2024-01-01,"oil_wti",74.15
2024-02-01,"oil_wti",77.25
2024-03-01,"oil_wti",81.28
2024-04-01,"oil_wti",85.35
2024-05-01,"oil_wti",80.02
2024-06-01,"oil_wti",79.77
2024-07-01,"oil_wti",81.8
2024-08-01,"oil_wti",76.68
2024-09-01,"oil_wti",70.24
2024-10-01,"oil_wti",71.99
2024-11-01,"oil_wti",69.95
2024-12-01,"oil_wti",70.12
2025-01-01,"oil_wti",75.74
2025-02-01,"oil_wti",71.53
2025-03-01,"oil_wti",68.24
2025-04-01,"oil_wti",63.54
2025-05-01,"oil_wti",62.17
2025-06-01,"oil_wti",68.17
2025-07-01,"oil_wti",68.39
2025-08-01,"oil_wti",64.86
2025-09-01,"oil_wti",63.96
2025-10-01,"oil_wti",60.89
2025-11-01,"oil_wti",60.06
2025-12-01,"oil_wti",57.97
2026-01-01,"oil_wti",60.04
2026-02-01,"oil_wti",64.51
2026-03-01,"oil_wti",90.84
2004-01-01,"ppi_us",150.3
2004-02-01,"ppi_us",150.3
2004-03-01,"ppi_us",151.2
2004-04-01,"ppi_us",151.9
2004-05-01,"ppi_us",152.7
2004-06-01,"ppi_us",152.9
2004-07-01,"ppi_us",152
2004-08-01,"ppi_us",152.3
2004-09-01,"ppi_us",152.6
2004-10-01,"ppi_us",153.7
2004-11-01,"ppi_us",153.9
2004-12-01,"ppi_us",154.3
2005-01-01,"ppi_us",154.8
2005-02-01,"ppi_us",155.1
2005-03-01,"ppi_us",155.5
2005-04-01,"ppi_us",155.9
2005-05-01,"ppi_us",156.1
2005-06-01,"ppi_us",155.6
2005-07-01,"ppi_us",155.8
2005-08-01,"ppi_us",155.7
2005-09-01,"ppi_us",156.4
2005-10-01,"ppi_us",156.2
2005-11-01,"ppi_us",156.4
2005-12-01,"ppi_us",156.7
2006-01-01,"ppi_us",157.1
2006-02-01,"ppi_us",156.7
2006-03-01,"ppi_us",157
2006-04-01,"ppi_us",157.3
2006-05-01,"ppi_us",157.3
2006-06-01,"ppi_us",157.8
2006-07-01,"ppi_us",157.2
2006-08-01,"ppi_us",158.2
2006-09-01,"ppi_us",158.8
2006-10-01,"ppi_us",158.2
2006-11-01,"ppi_us",159.1
2006-12-01,"ppi_us",159.7
2007-01-01,"ppi_us",160.2
2007-02-01,"ppi_us",161.4
2007-03-01,"ppi_us",161.9
2007-04-01,"ppi_us",162.3
2007-05-01,"ppi_us",162.3
2007-06-01,"ppi_us",162.4
2007-07-01,"ppi_us",162.8
2007-08-01,"ppi_us",163
2007-09-01,"ppi_us",163.5
2007-10-01,"ppi_us",164.6
2007-11-01,"ppi_us",164.9
2007-12-01,"ppi_us",165.4
2008-01-01,"ppi_us",166.6
2008-02-01,"ppi_us",167
2008-03-01,"ppi_us",167.7
2008-04-01,"ppi_us",168.2
2008-05-01,"ppi_us",169
2008-06-01,"ppi_us",169.7
2008-07-01,"ppi_us",170.7
2008-08-01,"ppi_us",171.3
2008-09-01,"ppi_us",171.8
2008-10-01,"ppi_us",173
2008-11-01,"ppi_us",172.8
2008-12-01,"ppi_us",172.4
2009-01-01,"ppi_us",172.2
2009-02-01,"ppi_us",171.8
2009-03-01,"ppi_us",171.8
2009-04-01,"ppi_us",172.4
2009-05-01,"ppi_us",171.8
2009-06-01,"ppi_us",172.6
2009-07-01,"ppi_us",171.9
2009-08-01,"ppi_us",172.2
2009-09-01,"ppi_us",172
2009-10-01,"ppi_us",172.5
2009-11-01,"ppi_us",173.1
2009-12-01,"ppi_us",173.7
2010-01-01,"ppi_us",174.2
2010-02-01,"ppi_us",174.5
2010-03-01,"ppi_us",175.7
2010-04-01,"ppi_us",175.5
2010-05-01,"ppi_us",175.8
2010-06-01,"ppi_us",174.8
2010-07-01,"ppi_us",175.3
2010-08-01,"ppi_us",175.2
2010-09-01,"ppi_us",175.9
2010-10-01,"ppi_us",176.1
2010-11-01,"ppi_us",176.5
2010-12-01,"ppi_us",177.1
2011-01-01,"ppi_us",177.9
2011-02-01,"ppi_us",179.8
2011-03-01,"ppi_us",180.1
2011-04-01,"ppi_us",180.5
2011-05-01,"ppi_us",180.3
2011-06-01,"ppi_us",180.9
2011-07-01,"ppi_us",181.7
2011-08-01,"ppi_us",182.3
2011-09-01,"ppi_us",182.9
2011-10-01,"ppi_us",183.1
2011-11-01,"ppi_us",183.6
2011-12-01,"ppi_us",183.7
2012-01-01,"ppi_us",184.4
2012-02-01,"ppi_us",184.6
2012-03-01,"ppi_us",185.1
2012-04-01,"ppi_us",185.2
2012-05-01,"ppi_us",185.4
2012-06-01,"ppi_us",185.7
2012-07-01,"ppi_us",186.3
2012-08-01,"ppi_us",186.8
2012-09-01,"ppi_us",187
2012-10-01,"ppi_us",187.2
2012-11-01,"ppi_us",187.9
2012-12-01,"ppi_us",187.8
2013-01-01,"ppi_us",188.5
2013-02-01,"ppi_us",188.3
2013-03-01,"ppi_us",188.9
2013-04-01,"ppi_us",188.5
2013-05-01,"ppi_us",188.8
2013-06-01,"ppi_us",188.9
2013-07-01,"ppi_us",189.1
2013-08-01,"ppi_us",189.5
2013-09-01,"ppi_us",189.3
2013-10-01,"ppi_us",189.7
2013-11-01,"ppi_us",190.1
2013-12-01,"ppi_us",190.8
2014-01-01,"ppi_us",191.7
2014-02-01,"ppi_us",192
2014-03-01,"ppi_us",192.6
2014-04-01,"ppi_us",193.7
2014-05-01,"ppi_us",193.5
2014-06-01,"ppi_us",193.9
2014-07-01,"ppi_us",194.5
2014-08-01,"ppi_us",194.6
2014-09-01,"ppi_us",194.8
2014-10-01,"ppi_us",195.6
2014-11-01,"ppi_us",195.6
2014-12-01,"ppi_us",195.8
2015-01-01,"ppi_us",196.1
2015-02-01,"ppi_us",195.8
2015-03-01,"ppi_us",195.6
2015-04-01,"ppi_us",195.3
2015-05-01,"ppi_us",195.8
2015-06-01,"ppi_us",196.6
2015-07-01,"ppi_us",196.5
2015-08-01,"ppi_us",196.8
2015-09-01,"ppi_us",196.9
2015-10-01,"ppi_us",196.4
2015-11-01,"ppi_us",196.6
2015-12-01,"ppi_us",196.4
2016-01-01,"ppi_us",197.2
2016-02-01,"ppi_us",197.3
2016-03-01,"ppi_us",196.8
2016-04-01,"ppi_us",196.8
2016-05-01,"ppi_us",196.9
2016-06-01,"ppi_us",197.3
2016-07-01,"ppi_us",197.5
2016-08-01,"ppi_us",197.1
2016-09-01,"ppi_us",197.6
2016-10-01,"ppi_us",197.5
2016-11-01,"ppi_us",197.4
2016-12-01,"ppi_us",198.1
2017-01-01,"ppi_us",198.6
2017-02-01,"ppi_us",199
2017-03-01,"ppi_us",199.8
2017-04-01,"ppi_us",200.9
2017-05-01,"ppi_us",200.3
2017-06-01,"ppi_us",200.7
2017-07-01,"ppi_us",200.8
2017-08-01,"ppi_us",200.7
2017-09-01,"ppi_us",200.7
2017-10-01,"ppi_us",201.7
2017-11-01,"ppi_us",202.1
2017-12-01,"ppi_us",202.2
2018-01-01,"ppi_us",202.4
2018-02-01,"ppi_us",202.2
2018-03-01,"ppi_us",203.6
2018-04-01,"ppi_us",203
2018-05-01,"ppi_us",203.5
2018-06-01,"ppi_us",203.2
2018-07-01,"ppi_us",204
2018-08-01,"ppi_us",204
2018-09-01,"ppi_us",204.2
2018-10-01,"ppi_us",205.2
2018-11-01,"ppi_us",206.3
2018-12-01,"ppi_us",207.6
2019-01-01,"ppi_us",207.4
2019-02-01,"ppi_us",207.4
2019-03-01,"ppi_us",207.9
2019-04-01,"ppi_us",207.7
2019-05-01,"ppi_us",207.9
2019-06-01,"ppi_us",208.1
2019-07-01,"ppi_us",208.4
2019-08-01,"ppi_us",208.2
2019-09-01,"ppi_us",208.4
2019-10-01,"ppi_us",209.3
2019-11-01,"ppi_us",210.4
2019-12-01,"ppi_us",210.4
2020-01-01,"ppi_us",210.1
2020-02-01,"ppi_us",210
2020-03-01,"ppi_us",209.9
2020-04-01,"ppi_us",210.2
2020-05-01,"ppi_us",213.1
2020-06-01,"ppi_us",210.4
2020-07-01,"ppi_us",210.5
2020-08-01,"ppi_us",210.5
2020-09-01,"ppi_us",210.9
2020-10-01,"ppi_us",211.7
2020-11-01,"ppi_us",211.8
2020-12-01,"ppi_us",211.7
2021-01-01,"ppi_us",212.5
2021-02-01,"ppi_us",213.9
2021-03-01,"ppi_us",214.6
2021-04-01,"ppi_us",216.1
2021-05-01,"ppi_us",218.2
2021-06-01,"ppi_us",220.2
2021-07-01,"ppi_us",220.782
2021-08-01,"ppi_us",222.575
2021-09-01,"ppi_us",224.943
2021-10-01,"ppi_us",225.743
2021-11-01,"ppi_us",227.268
2021-12-01,"ppi_us",228.639
2022-01-01,"ppi_us",230.924
2022-02-01,"ppi_us",233.794
2022-03-01,"ppi_us",236.056
2022-04-01,"ppi_us",238.797
2022-05-01,"ppi_us",240.943
2022-06-01,"ppi_us",241.992
2022-07-01,"ppi_us",244.322
2022-08-01,"ppi_us",244.936
2022-09-01,"ppi_us",246.135
2022-10-01,"ppi_us",247.209
2022-11-01,"ppi_us",249.791
2022-12-01,"ppi_us",250.559
2023-01-01,"ppi_us",251.016
2023-02-01,"ppi_us",249.775
2023-03-01,"ppi_us",250.738
2023-04-01,"ppi_us",250.722
2023-05-01,"ppi_us",250.697
2023-06-01,"ppi_us",250.896
2023-07-01,"ppi_us",251.096
2023-08-01,"ppi_us",251.423
2023-09-01,"ppi_us",251.796
2023-10-01,"ppi_us",252.027
2023-11-01,"ppi_us",252.621
2023-12-01,"ppi_us",252.898
2024-01-01,"ppi_us",253.911
2024-02-01,"ppi_us",255.843
2024-03-01,"ppi_us",256.215
2024-04-01,"ppi_us",256.308
2024-05-01,"ppi_us",256.491
2024-06-01,"ppi_us",257.169
2024-07-01,"ppi_us",257.499
2024-08-01,"ppi_us",258.856
2024-09-01,"ppi_us",259.541
2024-10-01,"ppi_us",259.334
2024-11-01,"ppi_us",261.687
2024-12-01,"ppi_us",262.138
2025-01-01,"ppi_us",262.984
2025-02-01,"ppi_us",264.933
2025-03-01,"ppi_us",263.603
2025-04-01,"ppi_us",263.204
2025-05-01,"ppi_us",263.887
2025-06-01,"ppi_us",264.511
2025-07-01,"ppi_us",266.093
2025-08-01,"ppi_us",266.576
2025-09-01,"ppi_us",267.459
2025-10-01,"ppi_us",268.121
2025-11-01,"ppi_us",268.596
2025-12-01,"ppi_us",269.035
2026-01-01,"ppi_us",268.9
2026-02-01,"ppi_us",271.26
2004-01-01,"unemp_can",7.3
2004-02-01,"unemp_can",7.3
2004-03-01,"unemp_can",7.3
2004-04-01,"unemp_can",7.2
2004-05-01,"unemp_can",7.1
2004-06-01,"unemp_can",7.2
2004-07-01,"unemp_can",7.1
2004-08-01,"unemp_can",7
2004-09-01,"unemp_can",6.9
2004-10-01,"unemp_can",7.1
2004-11-01,"unemp_can",7.2
2004-12-01,"unemp_can",7.1
2005-01-01,"unemp_can",6.9
2005-02-01,"unemp_can",7
2005-03-01,"unemp_can",6.9
2005-04-01,"unemp_can",6.7
2005-05-01,"unemp_can",7
2005-06-01,"unemp_can",6.8
2005-07-01,"unemp_can",6.7
2005-08-01,"unemp_can",6.7
2005-09-01,"unemp_can",6.7
2005-10-01,"unemp_can",6.7
2005-11-01,"unemp_can",6.3
2005-12-01,"unemp_can",6.6
2006-01-01,"unemp_can",6.7
2006-02-01,"unemp_can",6.6
2006-03-01,"unemp_can",6.5
2006-04-01,"unemp_can",6.5
2006-05-01,"unemp_can",6.2
2006-06-01,"unemp_can",6.3
2006-07-01,"unemp_can",6.5
2006-08-01,"unemp_can",6.5
2006-09-01,"unemp_can",6.5
2006-10-01,"unemp_can",6.3
2006-11-01,"unemp_can",6.5
2006-12-01,"unemp_can",6.3
2007-01-01,"unemp_can",6.4
2007-02-01,"unemp_can",6.3
2007-03-01,"unemp_can",6.3
2007-04-01,"unemp_can",6.3
2007-05-01,"unemp_can",6.2
2007-06-01,"unemp_can",6.1
2007-07-01,"unemp_can",6
2007-08-01,"unemp_can",6
2007-09-01,"unemp_can",6
2007-10-01,"unemp_can",6
2007-11-01,"unemp_can",6.1
2007-12-01,"unemp_can",6.2
2008-01-01,"unemp_can",6.1
2008-02-01,"unemp_can",6.1
2008-03-01,"unemp_can",6.2
2008-04-01,"unemp_can",6.2
2008-05-01,"unemp_can",6.2
2008-06-01,"unemp_can",6.1
2008-07-01,"unemp_can",6.2
2008-08-01,"unemp_can",6.2
2008-09-01,"unemp_can",6.3
2008-10-01,"unemp_can",6.4
2008-11-01,"unemp_can",6.7
2008-12-01,"unemp_can",7
2009-01-01,"unemp_can",7.5
2009-02-01,"unemp_can",8.1
2009-03-01,"unemp_can",8.4
2009-04-01,"unemp_can",8.4
2009-05-01,"unemp_can",8.7
2009-06-01,"unemp_can",8.8
2009-07-01,"unemp_can",8.8
2009-08-01,"unemp_can",8.7
2009-09-01,"unemp_can",8.5
2009-10-01,"unemp_can",8.6
2009-11-01,"unemp_can",8.6
2009-12-01,"unemp_can",8.6
2010-01-01,"unemp_can",8.4
2010-02-01,"unemp_can",8.4
2010-03-01,"unemp_can",8.3
2010-04-01,"unemp_can",8.2
2010-05-01,"unemp_can",8.2
2010-06-01,"unemp_can",8
2010-07-01,"unemp_can",8.2
2010-08-01,"unemp_can",8.2
2010-09-01,"unemp_can",8.2
2010-10-01,"unemp_can",8.1
2010-11-01,"unemp_can",7.9
2010-12-01,"unemp_can",7.8
2011-01-01,"unemp_can",7.8
2011-02-01,"unemp_can",7.8
2011-03-01,"unemp_can",7.8
2011-04-01,"unemp_can",7.8
2011-05-01,"unemp_can",7.7
2011-06-01,"unemp_can",7.7
2011-07-01,"unemp_can",7.4
2011-08-01,"unemp_can",7.4
2011-09-01,"unemp_can",7.5
2011-10-01,"unemp_can",7.5
2011-11-01,"unemp_can",7.6
2011-12-01,"unemp_can",7.5
2012-01-01,"unemp_can",7.7
2012-02-01,"unemp_can",7.6
2012-03-01,"unemp_can",7.4
2012-04-01,"unemp_can",7.4
2012-05-01,"unemp_can",7.6
2012-06-01,"unemp_can",7.4
2012-07-01,"unemp_can",7.3
2012-08-01,"unemp_can",7.4
2012-09-01,"unemp_can",7.4
2012-10-01,"unemp_can",7.4
2012-11-01,"unemp_can",7.4
2012-12-01,"unemp_can",7.3
2013-01-01,"unemp_can",7.1
2013-02-01,"unemp_can",7.1
2013-03-01,"unemp_can",7.3
2013-04-01,"unemp_can",7.2
2013-05-01,"unemp_can",7.1
2013-06-01,"unemp_can",7.2
2013-07-01,"unemp_can",7.3
2013-08-01,"unemp_can",7.3
2013-09-01,"unemp_can",7.1
2013-10-01,"unemp_can",7.3
2013-11-01,"unemp_can",7.1
2013-12-01,"unemp_can",7.4
2014-01-01,"unemp_can",7.3
2014-02-01,"unemp_can",7.3
2014-03-01,"unemp_can",7.1
2014-04-01,"unemp_can",7.1
2014-05-01,"unemp_can",7.3
2014-06-01,"unemp_can",7.2
2014-07-01,"unemp_can",7.1
2014-08-01,"unemp_can",7
2014-09-01,"unemp_can",7
2014-10-01,"unemp_can",6.8
2014-11-01,"unemp_can",6.8
2014-12-01,"unemp_can",6.7
2015-01-01,"unemp_can",6.8
2015-02-01,"unemp_can",6.9
2015-03-01,"unemp_can",6.9
2015-04-01,"unemp_can",7
2015-05-01,"unemp_can",6.9
2015-06-01,"unemp_can",6.9
2015-07-01,"unemp_can",7
2015-08-01,"unemp_can",7.1
2015-09-01,"unemp_can",7.1
2015-10-01,"unemp_can",7
2015-11-01,"unemp_can",7.1
2015-12-01,"unemp_can",7.3
2016-01-01,"unemp_can",7.2
2016-02-01,"unemp_can",7.3
2016-03-01,"unemp_can",7.2
2016-04-01,"unemp_can",7.3
2016-05-01,"unemp_can",7.1
2016-06-01,"unemp_can",7
2016-07-01,"unemp_can",7
2016-08-01,"unemp_can",6.9
2016-09-01,"unemp_can",7
2016-10-01,"unemp_can",6.9
2016-11-01,"unemp_can",6.8
2016-12-01,"unemp_can",6.9
2017-01-01,"unemp_can",6.9
2017-02-01,"unemp_can",6.6
2017-03-01,"unemp_can",6.7
2017-04-01,"unemp_can",6.5
2017-05-01,"unemp_can",6.6
2017-06-01,"unemp_can",6.5
2017-07-01,"unemp_can",6.3
2017-08-01,"unemp_can",6.2
2017-09-01,"unemp_can",6.2
2017-10-01,"unemp_can",6.3
2017-11-01,"unemp_can",6.2
2017-12-01,"unemp_can",6
2018-01-01,"unemp_can",5.9
2018-02-01,"unemp_can",6
2018-03-01,"unemp_can",5.8
2018-04-01,"unemp_can",5.8
2018-05-01,"unemp_can",5.9
2018-06-01,"unemp_can",6
2018-07-01,"unemp_can",5.9
2018-08-01,"unemp_can",6
2018-09-01,"unemp_can",5.8
2018-10-01,"unemp_can",5.6
2018-11-01,"unemp_can",5.7
2018-12-01,"unemp_can",5.6
2019-01-01,"unemp_can",5.7
2019-02-01,"unemp_can",5.8
2019-03-01,"unemp_can",5.8
2019-04-01,"unemp_can",5.7
2019-05-01,"unemp_can",5.5
2019-06-01,"unemp_can",5.6
2019-07-01,"unemp_can",5.7
2019-08-01,"unemp_can",5.7
2019-09-01,"unemp_can",5.6
2019-10-01,"unemp_can",5.6
2019-11-01,"unemp_can",5.9
2019-12-01,"unemp_can",5.6
2020-01-01,"unemp_can",5.5
2020-02-01,"unemp_can",5.8
2020-03-01,"unemp_can",8.5
2020-04-01,"unemp_can",13.7
2020-05-01,"unemp_can",14.2
2020-06-01,"unemp_can",12.6
2020-07-01,"unemp_can",10.9
2020-08-01,"unemp_can",10.1
2020-09-01,"unemp_can",9.1
2020-10-01,"unemp_can",9
2020-11-01,"unemp_can",8.6
2020-12-01,"unemp_can",8.9
2021-01-01,"unemp_can",9.2
2021-02-01,"unemp_can",8.5
2021-03-01,"unemp_can",7.7
2021-04-01,"unemp_can",8.2
2021-05-01,"unemp_can",8.3
2021-06-01,"unemp_can",7.9
2021-07-01,"unemp_can",7.4
2021-08-01,"unemp_can",7.1
2021-09-01,"unemp_can",7
2021-10-01,"unemp_can",6.5
2021-11-01,"unemp_can",6.1
2021-12-01,"unemp_can",5.9
2022-01-01,"unemp_can",6.4
2022-02-01,"unemp_can",5.5
2022-03-01,"unemp_can",5.4
2022-04-01,"unemp_can",5.4
2022-05-01,"unemp_can",5.2
2022-06-01,"unemp_can",4.9
2022-07-01,"unemp_can",4.8
2022-08-01,"unemp_can",5.2
2022-09-01,"unemp_can",5.1
2022-10-01,"unemp_can",5.1
2022-11-01,"unemp_can",5
2022-12-01,"unemp_can",5
2023-01-01,"unemp_can",5.1
2023-02-01,"unemp_can",5.2
2023-03-01,"unemp_can",5.1
2023-04-01,"unemp_can",5.1
2023-05-01,"unemp_can",5.2
2023-06-01,"unemp_can",5.4
2023-07-01,"unemp_can",5.4
2023-08-01,"unemp_can",5.4
2023-09-01,"unemp_can",5.5
2023-10-01,"unemp_can",5.7
2023-11-01,"unemp_can",5.8
2023-12-01,"unemp_can",5.8
2024-01-01,"unemp_can",5.7
2024-02-01,"unemp_can",5.9
2024-03-01,"unemp_can",6.1
2024-04-01,"unemp_can",6.2
2024-05-01,"unemp_can",6.3
2024-06-01,"unemp_can",6.4
2024-07-01,"unemp_can",6.4
2024-08-01,"unemp_can",6.6
2024-09-01,"unemp_can",6.5
2024-10-01,"unemp_can",6.6
2024-11-01,"unemp_can",7
2024-12-01,"unemp_can",6.7
2025-01-01,"unemp_can",6.7
2025-02-01,"unemp_can",6.6
2025-03-01,"unemp_can",6.8
2025-04-01,"unemp_can",6.9
2025-05-01,"unemp_can",7
2025-06-01,"unemp_can",6.9
2025-07-01,"unemp_can",6.9
2025-08-01,"unemp_can",7.1
2025-09-01,"unemp_can",7.1
2025-10-01,"unemp_can",6.9
2025-11-01,"unemp_can",6.6
2025-12-01,"unemp_can",6.8
2026-01-01,"unemp_can",6.5
2026-02-01,"unemp_can",6.7
2004-01-01,"unemp_us",9.8
2004-02-01,"unemp_us",9.7
2004-03-01,"unemp_us",10
2004-04-01,"unemp_us",9.6
2004-05-01,"unemp_us",9.7
2004-06-01,"unemp_us",9.6
2004-07-01,"unemp_us",9.5
2004-08-01,"unemp_us",9.4
2004-09-01,"unemp_us",9.4
2004-10-01,"unemp_us",9.7
2004-11-01,"unemp_us",9.4
2004-12-01,"unemp_us",9.3
2005-01-01,"unemp_us",9.2
2005-02-01,"unemp_us",9.2
2005-03-01,"unemp_us",9.1
2005-04-01,"unemp_us",9
2005-05-01,"unemp_us",8.9
2005-06-01,"unemp_us",9
2005-07-01,"unemp_us",8.8
2005-08-01,"unemp_us",8.9
2005-09-01,"unemp_us",9
2005-10-01,"unemp_us",8.7
2005-11-01,"unemp_us",8.7
2005-12-01,"unemp_us",8.6
2006-01-01,"unemp_us",8.4
2006-02-01,"unemp_us",8.4
2006-03-01,"unemp_us",8.2
2006-04-01,"unemp_us",8.1
2006-05-01,"unemp_us",8.2
2006-06-01,"unemp_us",8.4
2006-07-01,"unemp_us",8.5
2006-08-01,"unemp_us",8.4
2006-09-01,"unemp_us",8
2006-10-01,"unemp_us",8.2
2006-11-01,"unemp_us",8.1
2006-12-01,"unemp_us",7.9
2007-01-01,"unemp_us",8.3
2007-02-01,"unemp_us",8.1
2007-03-01,"unemp_us",8
2007-04-01,"unemp_us",8.2
2007-05-01,"unemp_us",8.2
2007-06-01,"unemp_us",8.3
2007-07-01,"unemp_us",8.4
2007-08-01,"unemp_us",8.4
2007-09-01,"unemp_us",8.4
2007-10-01,"unemp_us",8.4
2007-11-01,"unemp_us",8.5
2007-12-01,"unemp_us",8.8
2008-01-01,"unemp_us",9.1
2008-02-01,"unemp_us",9
2008-03-01,"unemp_us",9.1
2008-04-01,"unemp_us",9.2
2008-05-01,"unemp_us",9.7
2008-06-01,"unemp_us",10
2008-07-01,"unemp_us",10.5
2008-08-01,"unemp_us",10.8
2008-09-01,"unemp_us",11.1
2008-10-01,"unemp_us",11.8
2008-11-01,"unemp_us",12.7
2008-12-01,"unemp_us",13.6
2009-01-01,"unemp_us",14.1
2009-02-01,"unemp_us",15.1
2009-03-01,"unemp_us",15.8
2009-04-01,"unemp_us",15.9
2009-05-01,"unemp_us",16.5
2009-06-01,"unemp_us",16.5
2009-07-01,"unemp_us",16.4
2009-08-01,"unemp_us",16.7
2009-09-01,"unemp_us",16.7
2009-10-01,"unemp_us",17.1
2009-11-01,"unemp_us",17.1
2009-12-01,"unemp_us",17.2
2010-01-01,"unemp_us",16.6
2010-02-01,"unemp_us",17
2010-03-01,"unemp_us",17.1
2010-04-01,"unemp_us",17.2
2010-05-01,"unemp_us",16.7
2010-06-01,"unemp_us",16.4
2010-07-01,"unemp_us",16.4
2010-08-01,"unemp_us",16.5
2010-09-01,"unemp_us",16.9
2010-10-01,"unemp_us",16.6
2010-11-01,"unemp_us",16.9
2010-12-01,"unemp_us",16.6
2011-01-01,"unemp_us",16.1
2011-02-01,"unemp_us",16
2011-03-01,"unemp_us",16
2011-04-01,"unemp_us",16.1
2011-05-01,"unemp_us",15.9
2011-06-01,"unemp_us",16.1
2011-07-01,"unemp_us",15.9
2011-08-01,"unemp_us",16.1
2011-09-01,"unemp_us",16.4
2011-10-01,"unemp_us",15.8
2011-11-01,"unemp_us",15.6
2011-12-01,"unemp_us",15.2
2012-01-01,"unemp_us",15.1
2012-02-01,"unemp_us",15
2012-03-01,"unemp_us",14.6
2012-04-01,"unemp_us",14.7
2012-05-01,"unemp_us",14.8
2012-06-01,"unemp_us",14.7
2012-07-01,"unemp_us",14.7
2012-08-01,"unemp_us",14.6
2012-09-01,"unemp_us",14.8
2012-10-01,"unemp_us",14.4
2012-11-01,"unemp_us",14.4
2012-12-01,"unemp_us",14.4
2013-01-01,"unemp_us",14.5
2013-02-01,"unemp_us",14.3
2013-03-01,"unemp_us",13.9
2013-04-01,"unemp_us",14
2013-05-01,"unemp_us",13.9
2013-06-01,"unemp_us",14.2
2013-07-01,"unemp_us",13.8
2013-08-01,"unemp_us",13.6
2013-09-01,"unemp_us",13.5
2013-10-01,"unemp_us",13.6
2013-11-01,"unemp_us",13.1
2013-12-01,"unemp_us",13.1
2014-01-01,"unemp_us",12.6
2014-02-01,"unemp_us",12.6
2014-03-01,"unemp_us",12.7
2014-04-01,"unemp_us",12.3
2014-05-01,"unemp_us",12.3
2014-06-01,"unemp_us",12
2014-07-01,"unemp_us",12.1
2014-08-01,"unemp_us",12
2014-09-01,"unemp_us",11.7
2014-10-01,"unemp_us",11.5
2014-11-01,"unemp_us",11.4
2014-12-01,"unemp_us",11.2
2015-01-01,"unemp_us",11.2
2015-02-01,"unemp_us",10.9
2015-03-01,"unemp_us",10.9
2015-04-01,"unemp_us",10.9
2015-05-01,"unemp_us",10.9
2015-06-01,"unemp_us",10.4
2015-07-01,"unemp_us",10.3
2015-08-01,"unemp_us",10.2
2015-09-01,"unemp_us",10
2015-10-01,"unemp_us",9.8
2015-11-01,"unemp_us",10
2015-12-01,"unemp_us",9.9
2016-01-01,"unemp_us",9.7
2016-02-01,"unemp_us",9.6
2016-03-01,"unemp_us",9.8
2016-04-01,"unemp_us",9.9
2016-05-01,"unemp_us",9.9
2016-06-01,"unemp_us",9.5
2016-07-01,"unemp_us",9.6
2016-08-01,"unemp_us",9.6
2016-09-01,"unemp_us",9.7
2016-10-01,"unemp_us",9.6
2016-11-01,"unemp_us",9.4
2016-12-01,"unemp_us",9.2
2017-01-01,"unemp_us",9.2
2017-02-01,"unemp_us",9
2017-03-01,"unemp_us",8.8
2017-04-01,"unemp_us",8.6
2017-05-01,"unemp_us",8.5
2017-06-01,"unemp_us",8.5
2017-07-01,"unemp_us",8.5
2017-08-01,"unemp_us",8.6
2017-09-01,"unemp_us",8.3
2017-10-01,"unemp_us",8.1
2017-11-01,"unemp_us",8
2017-12-01,"unemp_us",8.1
2018-01-01,"unemp_us",8
2018-02-01,"unemp_us",8.1
2018-03-01,"unemp_us",8
2018-04-01,"unemp_us",7.9
2018-05-01,"unemp_us",7.8
2018-06-01,"unemp_us",7.8
2018-07-01,"unemp_us",7.5
2018-08-01,"unemp_us",7.4
2018-09-01,"unemp_us",7.5
2018-10-01,"unemp_us",7.5
2018-11-01,"unemp_us",7.6
2018-12-01,"unemp_us",7.6
2019-01-01,"unemp_us",8
2019-02-01,"unemp_us",7.2
2019-03-01,"unemp_us",7.4
2019-04-01,"unemp_us",7.4
2019-05-01,"unemp_us",7.1
2019-06-01,"unemp_us",7.2
2019-07-01,"unemp_us",6.9
2019-08-01,"unemp_us",7.2
2019-09-01,"unemp_us",6.9
2019-10-01,"unemp_us",6.9
2019-11-01,"unemp_us",6.8
2019-12-01,"unemp_us",6.8
2020-01-01,"unemp_us",7
2020-02-01,"unemp_us",7
2020-03-01,"unemp_us",8.8
2020-04-01,"unemp_us",22.9
2020-05-01,"unemp_us",21.1
2020-06-01,"unemp_us",18
2020-07-01,"unemp_us",16.5
2020-08-01,"unemp_us",14.2
2020-09-01,"unemp_us",12.8
2020-10-01,"unemp_us",12.1
2020-11-01,"unemp_us",11.9
2020-12-01,"unemp_us",11.7
2021-01-01,"unemp_us",11.2
2021-02-01,"unemp_us",11.1
2021-03-01,"unemp_us",10.8
2021-04-01,"unemp_us",10.3
2021-05-01,"unemp_us",10.1
2021-06-01,"unemp_us",9.8
2021-07-01,"unemp_us",9.2
2021-08-01,"unemp_us",8.8
2021-09-01,"unemp_us",8.4
2021-10-01,"unemp_us",8.2
2021-11-01,"unemp_us",7.7
2021-12-01,"unemp_us",7.3
2022-01-01,"unemp_us",7.1
2022-02-01,"unemp_us",7.2
2022-03-01,"unemp_us",7
2022-04-01,"unemp_us",7
2022-05-01,"unemp_us",7.1
2022-06-01,"unemp_us",6.7
2022-07-01,"unemp_us",6.8
2022-08-01,"unemp_us",6.9
2022-09-01,"unemp_us",6.7
2022-10-01,"unemp_us",6.7
2022-11-01,"unemp_us",6.7
2022-12-01,"unemp_us",6.6
2023-01-01,"unemp_us",6.7
2023-02-01,"unemp_us",6.8
2023-03-01,"unemp_us",6.7
2023-04-01,"unemp_us",6.6
2023-05-01,"unemp_us",6.7
2023-06-01,"unemp_us",6.9
2023-07-01,"unemp_us",6.7
2023-08-01,"unemp_us",7.1
2023-09-01,"unemp_us",7
2023-10-01,"unemp_us",7.2
2023-11-01,"unemp_us",7
2023-12-01,"unemp_us",7.2
2024-01-01,"unemp_us",7.2
2024-02-01,"unemp_us",7.3
2024-03-01,"unemp_us",7.3
2024-04-01,"unemp_us",7.4
2024-05-01,"unemp_us",7.4
2024-06-01,"unemp_us",7.4
2024-07-01,"unemp_us",7.8
2024-08-01,"unemp_us",7.8
2024-09-01,"unemp_us",7.7
2024-10-01,"unemp_us",7.7
2024-11-01,"unemp_us",7.7
2024-12-01,"unemp_us",7.6
2025-01-01,"unemp_us",7.5
2025-02-01,"unemp_us",8
2025-03-01,"unemp_us",7.9
2025-04-01,"unemp_us",7.8
2025-05-01,"unemp_us",7.8
2025-06-01,"unemp_us",7.7
2025-07-01,"unemp_us",7.9
2025-08-01,"unemp_us",8.1
2025-09-01,"unemp_us",8.1
2025-11-01,"unemp_us",8.7
2025-12-01,"unemp_us",8.4
2026-01-01,"unemp_us",8.1
2026-02-01,"unemp_us",7.9
