"date","infl_can","infl_us","gdp_can_growth","gdp_us_raw","unemp_can_raw","unemp_us_raw","ippi_can_inf","ppi_us_inf","oil_inf","exrate_can_inf","mxp_us_inf"
2003-12-01,NA,NA,NA,NA,NA,NA,NA,NA,NA,NA,NA
2004-01-01,NA,NA,NA,1.24012143850383,7.3,9.8,NA,NA,NA,0.00722171678510897,NA
2004-02-01,0,0.0021447729401336,-0.000639001406028683,2.51901341096051,7.3,9.7,0.0201518154373082,0,0.0110146041113,-0.0261835380008071,0.00405269045062351
2004-03-01,0,0.00214018273236771,0.00885024454060179,3.68229549354374,7.3,10,0.00621506040343434,0.00597016698650421,0.0574146188053213,0.00404921905077593,0.00202020270727576
2004-04-01,0.00288878390589087,0.00160213652427732,0.00253818140814488,2.34361574652796,7.2,9.6,0.012315426590054,0.00461894585629441,0.00027214587186597,-0.00529843845120848,0.00302267232658604
2004-05-01,0.00670821873511862,0.00425985734695811,0.000957810027228945,3.86519086567423,7.1,9.7,0.0121656001636881,0.00525280262285932,0.091716842191516,-0.0229701385675245,0.00201005092802387
2004-06-01,0.000954654010450362,0.00371254735618454,0.00484971117087163,3.15289812926828,7.2,9.6,-0.0036341651142191,0.00130890071042966,-0.0574797459101934,0.0109186434807116,0.00100351237724006
2004-07-01,0,0.00105820115694755,0.000910631606091172,4.44937936261801,7.1,9.5,-0.00243013485329158,-0.00590359208873981,0.069816443206141,0.025810570057379,0
2004-08-01,-0.000954654010450362,0.000528680953365779,0.00422252522437816,3.65244101562627,7,9.4,0.00243013485329158,0.00197173905483972,0.0962460296018994,0.00737028620395286,0.00300450902029947
2004-09-01,0.000954654010450362,0.00316622955805013,0.0027886061100002,3.14829751998559,6.9,9.4,-0.0073081933067245,0.00196785894924023,0.0228984025127437,0.017991186705979,0.000999500333082715
2004-10-01,0.00380952841666815,0.00525487283835879,0.000307811286129223,4.17651836692173,7.1,9.7,-0.0123002780816517,0.0071825316941938,0.148224828971181,0.0288301140280103,-0.000999500333082715
2004-11-01,0.00474159257258222,0.00470589103741226,0.00373641210852682,3.99460896798682,7.2,9.4,-0.0162199438667638,0.00130039030028328,-0.0946159763748491,0.0347187359378269,0.00895974137147171
2004-12-01,0.000945626548007006,0,0.000181799236500524,6.08260348603883,7.1,9.3,0.0100125992924296,0.00259571852428131,-0.116262632327848,-0.0243589589150881,0.00395648389507386
2005-01-01,0,-0.000521784514838863,0.00483750839115515,5.16969957756739,6.9,9.2,0.00496895432318745,0.00323520178651204,0.0820551212000797,-0.00241091779829539,0.00295712388974412
2005-02-01,0.000944733183161794,0.00416667269484616,0.000661630318989026,3.72577745703994,7,9.2,0.00986444497091377,0.00193610902686636,0.0275835995146179,-0.0121425553302004,0.000983767910132549
2005-03-01,0.00282885620047768,0.00363165120286268,-0.00343199407786976,0.585983274096145,6.9,9.1,-0.0024570036930518,0.00257566143679533,0.118175251333888,0.0164780310743389,0.00294551022975664
2005-04-01,0.00188146809970569,0.00310238097848181,0.00734806119250031,2.17292132504676,6.7,9,0.0024570036930518,0.00256904444444217,-0.022581905734099,-0.0120897067079442,0.0039138993211365
2005-05-01,-0.000940291559642148,-0.000516395570473449,0.004256359336269,1.21440556632279,7,8.9,0.00122624172324404,0.0012820514576557,-0.0612972715506106,-0.0148020150952188,-0.00195503483580328
2005-06-01,0.00281822638384188,0.000516395570473449,0.00297207258663512,3.85582617451319,6.8,9,-0.00614630084869372,-0.00320821577709562,0.122965028192472,0.0168433280762326,-0.00195886448533322
2005-07-01,0.0018744147943508,0.00617603610056427,0.00255947462106931,3.29731375240498,6.7,8.8,-0.00866878493644663,0.00128452169235693,0.0459552034199344,0.0179959627299331,-0.00196270916784869
2005-08-01,0.00467072311055805,0.00613812668878566,0.00376197688617808,4.48040266056225,6.7,8.9,-0.00249066131245179,-0.000642054596695196,0.0966959680005379,0.00949224023294537,0.000981836112257106
2005-09-01,0.00927650437029204,0.0136745610201734,0.000822943461349368,0.327336317208226,6.7,9,-0.00249688019858763,0.00448574927125822,0.00918983339938695,0.0230668115830905,0.00879341279238588
2005-10-01,-0.00184842936178242,0.00150791684767704,0.00335529344155816,0.994364241661129,6.7,8.7,0.00623054975063653,-0.00127959070562511,-0.0521040802921826,0.00625807306517867,0.00968061771072293
2005-11-01,-0.00185185238107355,-0.00503525736564558,0.00545343733543113,3.34158921533847,6.3,8.7,0.00371978110253224,0.00127959070562511,-0.0653740773130593,-0.00137709454858737,-0.000963855496306287
2005-12-01,0.000926354860131262,0,0.00527140710850205,5.13140457771197,6.6,8.6,0,0.00191632125076424,0.018517474667247,0.0162205123662638,0
2006-01-01,0.00829880281469464,0.0060392735142436,0.00245834012946489,7.20806516571789,6.7,8.4,0.00493828164058208,0.00254939589960035,0.0974348968623122,-0.00289671606552933,0.00288878390589087
2006-02-01,-0.00367985695840023,0.000501630308988865,0.00218707634351389,4.8288876700828,6.6,8.4,0,-0.00254939589960035,-0.0607486942558104,0.00956340742371875,-0.0067535230157798
2006-03-01,0.000921234519320357,0.00150338289403162,0.0022658869554455,3.22440976659768,6.5,8.2,0.00368777307918489,0.00191265598633272,0.0170531803117253,-0.00720918685069893,-0.00290838789595682
2006-04-01,0.00459348533919002,0.00499501538052272,0.000202267332698014,-0.234724674142766,6.5,8.1,0.00367422336188472,0.00190900471592492,0.102261125066218,0.00828609622517007,0.000970402793278424
2006-05-01,0.000916170471779942,0.00298507684345406,0.000461307117637588,-0.227245207256412,6.2,8.2,0.00244200365555169,0,0.0199607425625379,0.0235784721963244,0.00676657970887362
2006-06-01,-0.000916170471779942,0.00248077527376278,-0.00164581869363722,-0.797510840729575,6.3,8.4,-0.00488998529419238,0.00317359834754161,0.00155159069141853,0.00166309286002075,0.0038461585874785
2006-07-01,0.000916170471779942,0.00543613891225991,0.00182132587959316,-0.567962474474236,6.5,8.5,0.0133903400595843,-0.00380952841666815,0.0476149378031181,-0.0143583175818387,0
2006-08-01,0.00182982667707599,0.00442587395685567,0.000718652883492155,2.76297945653322,6.5,8.4,-0.00484849434662138,0.00634117533844769,-0.0185831051224561,0.00530927713848861,0.0047869885572247
2006-09-01,-0.00366300775873718,-0.00491884907159612,-0.00146931322739441,3.37547559838882,6.5,8,0,0.00378549347948187,-0.135254045935969,0.00405144115914968,0.000954654010450362
2006-10-01,0.000917010609881252,-0.00444774639823642,0.00156908529365651,3.72908800471947,6.3,8.2,0.00605695370818982,-0.00378549347948187,-0.0800818933942642,-0.0105147865157447,-0.00574164256767506
2006-11-01,0.00365965641753085,0.00049517208241312,0.00218885078548681,3.35979468661636,6.5,8.1,0.00120700075003555,0.00567288001018706,0.00322116070669942,-0.0111653162952647,0.00955117098434322
2006-12-01,0.00364631215302058,0.00543077118513402,0.00624720293574299,3.40292939728598,6.3,7.9,0.00960391535418026,0.0037641198772258,0.0475965578854884,-0.0183108814348714,0.00474159257258222
2007-01-01,0.00272603530923821,0.00165790605623251,-0.00215657741904884,-1.4511872388007,6.4,8.3,0.00714288751238001,0.00312597941329251,-0.128104844472478,-0.0179070688597003,-0.00094652160403097
2007-02-01,0.0036231923694201,0.00387084913353952,0.00482170722180442,1.08767636854285,6.3,8.1,0.00473373665019938,0.00746272120158942,0.0838878099116425,0.00288305245037357,0
2007-03-01,0.00541029272824733,0.00518664749319964,0.00208236712350995,2.82115840371001,6.3,8,0.00588583217726146,0.00309310484774095,0.019379156416707,-0.000185752763606217,0.00283688133519977
2007-04-01,0.00269420908369167,0.00299616948199866,0.00129704604806413,2.40473017711895,6.3,8.2,-0.00117439825594179,0.00246761383695571,0.0569193971168334,0.025584816733315,0.00282885620047768
2007-05-01,0,0.00412447665692373,0.00441046845205761,2.97252145415233,6.2,8.2,-0.00707550121620049,0,-0.00816074836632286,0.0345260736877524,0.00563381771825622
2007-06-01,-0.00179533261867437,0.002314072179459,0.00290134253512697,2.06192916812346,6.1,8.3,-0.00951255686769858,0.000615953207032227,0.0615696526002658,0.0284551014184711,0.0028050509276083
2007-07-01,0.000898069211684671,0.001779012466681,-7.51379032326582e-05,1.21243879792612,6,8.4,-0.00839836969883123,0.00246002584086291,0.0937059626618444,0.00804373330687191,0.000933271182998574
2007-08-01,-0.000898069211684671,0.000308233200118302,0.00308311200545042,3.15778268101384,6,8.4,-0.00725517088117211,0.00122774723832197,-0.0240317408900648,-0.00549661017734326,0
2007-09-01,0.00358744779365594,0.00422860024543859,-0.00150226533815889,3.6339701329282,6,8.4,-0.0109824166686092,0.00306278953054573,0.0993724738132036,0.0256166694515079,-0.000933271182998574
2007-10-01,0.00178890924272501,0.00307849440109909,0.00124801287589449,3.36845855920826,6,8.4,-0.0123458358222992,0.00670529790566121,0.0709928721536182,0.0454035979787752,0.00558660670863986
2007-11-01,0.0026773777707163,0.00782816408287346,0.00124292175689256,2.06015620777173,6.1,8.5,-0.00248756347180201,0.00182094132258381,0.0994338969881872,0.0055135615413926,0.00740058881817163
2007-12-01,0.00355872261699375,0.00289382340294875,-0.00347320131263196,-2.10650388305796,6.2,8.8,0.0111456262149163,0.00302755302403757,-0.0330395814202946,-0.03835077510898,0.00367985695840023
2008-01-01,-0.0017777782459989,0.0034417753671736,0.00454624809665916,-3.13876239412207,6.1,9.1,0.0098040000966213,0.00722894714315192,0.0138635384059578,-0.0109147199841786,0.00731933734227042
2008-02-01,0.0017777782459989,0.00241490863745408,-0.00145731489945256,-2.48034353682588,6.1,9,0,0.00239808268401287,0.0256968906893498,0.00723508870131262,0.00636076656181039
2008-03-01,0.00177462335836864,0.00357164189274517,0.0021298848686957,1.13087703686143,6.2,9.1,0.00970881412696034,0.00418285641240779,0.100263155767667,-0.0104583651809937,0.0108109161042149
2008-04-01,0.0044228289700019,0.00231170696550809,0.00240413401039064,4.482789878732,6.2,9.2,0.00841857046559635,0.00297707870968456,0.0654271731110967,-0.0171158425859641,0.0133513331748647
2008-05-01,0.00703608883406925,0.00590005206812361,0.00027224503159573,3.33758944356904,6.2,9.7,-0.00119832249210905,0.0047449673842257,0.10784454816294,0.0178605982991504,0.00704848733106189
2008-06-01,0.00698692798667988,0.0104237187971661,0.00226426999349449,1.46944776919363,6.1,10,0.0107335556431085,0.00413345731710724,0.065435248144305,-0.0181132617948307,0.00874131440157289
2008-07-01,0.00434216921928954,0.00711606539350473,0.00460294765450264,-1.66436388212248,6.2,10.5,0.0070922283094923,0.00587545756021424,-0.00381665570882195,-0.000926979377886106,0.00607377138356746
2008-08-01,0,-0.0014895846082954,-0.000533840922258833,-5.33301468556519,6.2,10.8,0.0128732029362055,0.00350877552967965,-0.133777783798537,-0.0290842499912216,-0.0043346405104403
2008-09-01,0.000866175887848541,0.000854726299673203,0.000463338968712534,-9.57733393841875,6.3,11.1,-0.00466201310581127,0.00291460422008072,-0.113901404349105,0.00579862285118704,-0.00960286733334126
2008-10-01,-0.00695050582652268,-0.00863561639955801,-0.000874404149321606,-8.31729773358794,6.4,11.8,0.0196651796978609,0.00696058494762397,-0.306720415957932,-0.0844101877516694,-0.00881062968215485
2008-11-01,-0.00349345333455986,-0.0178640940928183,-0.00992425672193953,-11.1419206080678,6.7,12.7,-0.00689657905906049,-0.00115673812782369,-0.290252487965084,-0.0239464121939106,-0.0169571220667564
2008-12-01,-0.00350570034762843,-0.00826760505408153,-0.0136415660262905,-7.94701809081064,7,13.6,-0.00578370611684864,-0.00231749814036242,-0.331980507416736,-0.019617993447655,-0.0108598352360083
2009-01-01,-0.00175746969664647,0.0025275743322668,-0.00465444338743204,-4.30605724477762,7.5,14.1,-0.00116076623596317,-0.00116076623596317,0.0142462870619444,0.00995421511008132,-0.00822297918043269
2009-02-01,0.00351185611153948,0.0036360422314452,-0.00510361066105602,0.529295042385318,8.1,15.1,0.00232018665569722,-0.00232558244347469,-0.0648742284039905,-0.00633190951933216,-0.00736651581676195
2009-03-01,-0.000876808473534219,-0.000987770541272859,-0.00806861695961558,-2.19605970208623,8.4,15.8,0.00347021747900733,0,0.204083549201375,-0.0114994632968992,-0.00835271677572891
2009-04-01,-0.00263504763800526,0.00100657575219731,-0.00321332263939844,-0.542724983936385,8.4,15.9,-0.00579040413470455,0.00348634867943787,0.0350481614849434,0.0194808177154968,-0.00186567218294975
2009-05-01,0.00438789646541959,0.00147041233264744,-0.00105244767839174,-0.46231846914755,8.7,16.5,-0.0187578770705565,-0.00348634867943787,0.173047398761416,0.0534190024456596,0.00186567218294975
2009-06-01,0.00436872691341517,0.00826535985544119,0.00111342518441759,-0.0399007678631884,8.8,16.5,-0.0047449673842257,0.00464576909917191,0.16529332564739,0.0191158196537291,0.000931532438111837
2009-07-01,-0.00349345333455986,-0.000298009855155712,0.0015159245014047,1.41418836151828,8.8,16.4,-0.00118976813558902,-0.00406386626052324,-0.0821150238383428,-0.000631341621872394,-0.00186393343806301
2009-08-01,0.00174825219352925,0.00334285979087934,-0.000567593243339104,2.06690054405096,8.7,16.7,0,0.00174367960482602,0.102159763481464,0.0281107283997182,0.00372439909098254
2009-09-01,0.000872981286344832,0.00192902546683626,0.00728899512840009,4.80067847661225,8.5,16.7,-0.00357782134788387,-0.00116211518017728,-0.0233529051916168,0.00227810490182101,0.0027842245364047
2009-10-01,0.00174367960482691,0.00299743499858529,0.000812459693738887,5.3253583407077,8.6,17.1,-0.00599162966826672,0.00290275965796205,0.0870113769896292,0.0208728835394494,0.00462321674145727
2009-11-01,0.005212870188533,0.00334299654493098,0.00555283977639931,4.70422581531055,8.6,17.1,0.00479617226349305,0.00347222571074912,0.0295382870012846,-0.00783035451253777,0.00643680383347878
2009-12-01,0,0.000520041154797646,0.00254464822232769,1.65714832841618,8.6,17.2,0.00358209338250504,0.00346021106489491,-0.0461842536198525,0.00825882189130223,0.00548447444216027
2010-01-01,0.0034602110648958,0.000648521875846519,0.00577221670663874,1.25706550231914,8.4,16.6,0.0011911853701525,0.00287439117134358,0.0505343116565937,0.0124309817029982,0.00545455897827196
2010-02-01,0.000863185206810613,-0.000952229876745037,0.00489081960998128,0.687699238856131,8.4,17,0.00118976813558902,0.0017206772240792,-0.0250788738258789,-0.00636647454053918,0.000906207583538432
2010-03-01,-0.00259179410742849,0.000331313245896858,0.004592556924786,4.22259372632619,8.3,17.1,-0.00357355949086546,0.00685325355056943,0.0610634496143634,0.0301960373735231,-0.000906207583538432
2010-04-01,0,0.000230014077875929,-0.00136633226669503,4.68383319244404,8.2,17.2,0.0047619137602446,-0.00113895228713012,0.037347986841759,0.0182574967835842,0.00452284805372649
2010-05-01,0.000864677961353699,-0.000519907164575173,0.00430532122748417,4.25160779113791,8.2,16.7,0.00827917206902029,0.00170794234515537,-0.133717841203393,-0.0226461926033874,0.00360360750329836
2010-06-01,0.00258955690673357,-0.000418882877728066,0.00255941187449515,2.9883989372275,8,16.4,-0.0070922283094923,-0.00570452202964145,0.0214658094578972,0.00480173122280814,-0.00450654210189061
2010-07-01,0.00515908281002719,0.00186750866135821,0.0014308600594628,2.90021758451044,8.2,16.4,0,0.0028563287057537,0.0129238248761361,-0.0136373309225828,-0.00180831875678322
2010-08-01,-0.000858000910636036,0.00146029672723902,0.0030537413302163,2.67297933239118,8.2,16.5,0.0059136777900477,-0.000570613424897282,0.00366204960651384,-0.00108900534322576,0.00180831875678322
2010-09-01,0.00171526628675434,0.00161394631065725,-3.56521762032713e-05,3.37664866504147,8.2,16.9,0.00470589103741315,0.00398747324122084,-0.0179140723137152,0.00167490199108045,0.00270636159774273
2010-10-01,0.00598036810148628,0.00347579870179526,0.00523425435369695,2.78808391258954,8.1,16.6,0.00468384931242571,0.0011363637586479,0.0846938788492668,0.0025071047730183,0.00269905696916517
2010-11-01,0.00255210687223517,0.00253063685923394,0.00481129466001562,1.13505062361434,7.9,16.9,0.00349854584251386,0.00226886087119116,0.028411685950374,0.00748382006122839,0.00805373480709726
2010-12-01,0.00423909070576656,0.00400853143884916,0.00706781512590204,-1.2057339167438,7.8,16.6,0.00580384681980028,0.00339366841543676,0.056531775076679,0.00866091940033975,0.00355872261699375
2011-01-01,0.001690617477907,0.003237794880806,0.00340704692826499,-3.13893349751848,7.8,16.1,0.00346620797648622,0.00450704988300199,0.000224315837638045,0.00964453736548787,0.00884179058146106
2011-02-01,-0.000844951465563959,0.00320931925142531,-0.00168257106234115,-1.33283691654078,7.8,16,0.00689657905906049,0.0106235273657305,-0.00663856165173549,0.00259951405523307,0.00701757265864611
2011-03-01,0.00673970537691293,0.00516021138565659,0.00316793937313697,4.79492191089552,7.8,16,0.00571103779551407,0.00166713014438979,0.149462741851718,0.00743618040265037,0.00523104941755292
2011-04-01,0.00418936515527779,0.00468311604905569,0.000188088402103048,3.81139795083726,7.8,16.1,0.00454546237167452,0.00221852559102587,0.0628296439888851,0.0125636830431013,0.00779562198245554
2011-05-01,0.00333890126551406,0.00317666379111969,-0.00216773345091781,2.44141988743531,7.7,15.9,-0.00340715832161376,-0.00110864756366436,-0.0820685569760915,-0.0115173631762246,0.004304784951632
2011-06-01,-0.00333890126551406,0,0.00435530525447092,-0.29525597869727,7.7,16.1,0.00340715832161376,0.00332226219197818,-0.0470770634846005,-0.010431502023402,0
2011-07-01,0.001670844164817,0.0026166105186638,0.0067755246394583,-1.89402130974419,7.4,15.9,-0.00227014853453866,0.00441258300087544,0.010746125316996,0.0207553102538762,0.000858737708417934
2011-08-01,0.0025010434045889,0.00314949728891101,0.0049342907160117,0.0237520899122523,7.4,16.1,0.012422519998557,0.00329670628249179,-0.119621826944527,-0.0258078839558724,0.00257179738837099
2011-09-01,0.00332502384477174,0.00216919345588362,0.0026360193715842,2.98051441378831,7.5,16.4,0.0033613477027048,0.00328587371220301,-0.00942689553064202,-0.00935736943464072,0.00171086440362966
2011-10-01,0.00331400469003729,0.000674979676975163,-0.000160259789895534,6.33633898465574,7.5,15.8,-0.0101181301655853,0.00109289628364451,0.00931105423308942,-0.0146206292720192,-0.00342466088136462
2011-11-01,0.00082678797599467,0.00184614488049473,0.00110218055723266,5.22021795001927,7.6,15.6,0.00112930559715174,0.0027270265059256,0.118297783184093,-0.0023458455797849,-0.00257621439177314
2011-12-01,-0.00165426009602676,0.000237680241968796,0.00481374733389472,4.77649610276603,7.5,15.2,-0.00565932466890118,0.000544514034690025,0.0143063956512384,0.00643788018451641,0.000859475772719165
2012-01-01,0.00577797727988827,0.00272049215726167,-0.000788561536914756,3.26304837121412,7.7,15.1,0.00226757466778071,0.00380331890141328,0.0172010477506239,0.00896048474335132,0
2012-02-01,-0.000823384155204998,0.00213516503686773,-0.00248832152771072,2.04589380370572,7.6,15,0.0056465423882095,0.00108401094625865,0.0190651302337699,0.00806190611932056,-0.000859475772719165
2012-03-01,0.000823384155204998,0.00209128213139831,0.00263825201730761,1.40362130256109,7.4,14.6,-0.00112676068258999,0.00270489751070002,0.0380157122543485,0.00653330212821945,0.00343347976789143
2012-04-01,0.00328677370662334,0.00165941076607456,0.00355983247430203,1.9858082648929,7.4,14.7,0,0.000540102632626827,-0.0271164217963129,0.00211416569233513,0
2012-05-01,-0.00328677370662334,-0.00207032177028221,0.00168809122918212,2.01232120281161,7.6,14.8,-0.00112803170449904,0.00107933091967549,-0.087539443749538,-0.010123361824113,-0.000857265376118299
2012-06-01,-0.00247218914538916,-0.000826704797574074,0.000590798908573831,1.19400863036725,7.4,14.7,0.00338028490882358,0.00161681522690582,-0.139920416795078,-0.0117201737745303,-0.00257621439177314
2012-07-01,0,0.000288768230500835,0.00203896662288727,0.516583397828426,7.3,14.7,-0.00677203490994405,0.0032258092488826,0.0658286970081079,0.0126223678074302,-0.00344530917891284
2012-08-01,0.0041169263582681,0.00579271774312318,-0.0012551115503463,-0.148661664651593,7.4,14.6,-0.00454030291878293,0.00268024818719947,0.0684770008679969,0.017955554091631,-0.000863185206810613
2012-09-01,0.00164203649374439,0.00475991986345825,-8.05808714243739e-05,-0.456024989776788,7.4,14.8,0.00567216495246647,0.00107009105984446,0.00402884344783594,0.00786016237999032,0.00172562596746939
2012-10-01,0.00245801025026893,0.00269316475440018,-0.000419681220755308,-0.689700711497294,7.4,14.4,0,0.00106894718890516,-0.0545787618121976,-0.0104401847738229,0.00344234419097322
2012-11-01,-0.000818665620836434,-0.00168075617407748,0.00476454973707874,1.69407068576648,7.4,14.4,0.00225988796743692,0.0037323423759279,-0.0336357125761193,-0.00810574268662911,0
2012-12-01,-0.000819336383401925,-0.000121088935646441,-9.79465262549439e-05,3.90190353639992,7.3,14.4,0,-0.000532339645257451,0.0152534639289854,0.00454730787635782,0.000858737708417934
2013-01-01,0.000819336383401925,0.00197882976647978,0.00569536417517824,4.86522952892488,7.1,14.5,0,0.00372044011390305,0.0756027407429514,-0.00300215244349378,0.000858000910636036
2013-02-01,0.00653063545533072,0.00541523784895492,0.00290332586166997,5.15810550932681,7.1,14.3,0.00562747686572873,-0.00106157122495887,0.00578735765895022,-0.0141579352485621,0
2013-03-01,-0.000814000858947672,-0.00281587997395238,0.00337185502379356,0.922475990424132,7.3,13.9,0,0.00318133884435756,-0.0251806132927026,-0.0116892522694396,-0.000858000910636036
2013-04-01,-0.00407997301991525,-0.00209016213434055,0.00168877013724789,-0.471112718799112,7.2,14,-0.00449944516122969,-0.00211976761939869,-0.00994817892950994,0.00474190814084263,0
2013-05-01,0,0.000414069750788393,0.00268054363386661,1.11637600056454,7.1,13.9,-0.00225733730165079,0.00159024682333531,0.0266997042796424,-0.000996429543540955,-0.0034393843019096
2013-06-01,0.00244998080898462,0.00237757952195494,-0.00366526738866924,1.80546149886613,7.2,14.2,0.00112930559715174,0.000529520796063387,0.0132438345265635,-0.00783990671130841,-0.00345125450421513
2013-07-01,0.00162999221093063,0.00195553898719592,0.005731958032138,3.05185439893652,7.3,13.8,-0.00339175000112046,0.00105820115694755,0.0888630603332645,-0.00781746510514925,-0.00606850583638074
2013-08-01,0.000814000858947672,0.00238444563137108,0.0043754232236175,5.63267927843295,7.3,13.6,0.00339175000112046,0.00211304885806918,0.0179895023660723,-0.00109764860938366,-0.00174064447778388
2013-09-01,0.00162601661841855,0.000376873666131594,0.00340477564056307,5.37638987716554,7.1,13.5,-0.00339175000112046,-0.00105596630720406,-0.00263083868737457,0.00514009979395702,0
2013-10-01,-0.000812677817990881,0.000535087863489991,0.00541881735390959,4.29860935036763,7.3,13.6,-0.00113314459716918,0.00211081872569174,-0.055615549281061,-0.00606982136707579,0.000870700969243465
2013-11-01,0.00162469572700275,0.00184279044557734,0.00249548425667356,2.28734889193972,7.1,13.1,0.00226500663085272,0.00210637255341517,-0.0687513478981581,-0.00857718306629529,0.000869943508540416
2013-12-01,0.00324149392417095,0.00264067949336599,-0.00408330191561568,-2.62874971691442,7.4,13.1,0.00338791967193597,0.00367550951980267,0.0393805128713085,-0.0153842576936007,0.00173761989854082
2014-01-01,0.00242424361150562,0.00242124171757485,0.000499852229179254,-4.33054394037337,7.3,12.6,0.0134380521620407,0.00470589103741226,-0.0313159530345777,-0.0241060013788008,0.00433088593783992
2014-02-01,0.00322320988156921,0.00110017320770073,0.00500939638130582,-0.407667344775511,7.3,12.6,0.00996134412967287,0.00156372197618282,0.0634678784514824,-0.011511303661317,0.00258955690673357
2014-03-01,0.0016077173880964,0.00203997314024917,0.00263861895298234,4.34678062798976,7.1,12.7,0.00549150199367521,0.00312012733624378,-0.000198393017216247,-0.00521912459789231,0.00430108189939116
2014-04-01,0.00400802139753953,0.00186245016756281,0.00200616924209918,5.92109471805987,7.1,12.3,-0.00219298333501072,0.00569507104892519,0.0125204967781389,0.00969661036244851,-0.0034393843019096
2014-05-01,0.000799680170564088,0.00190119748174045,0.00627819842910426,6.92384819570118,7.3,12.3,-0.00440044714482113,-0.00103305794311392,0.00107711148724476,0.00880671083520479,-0.000861697597481559
2014-06-01,0.00239521072595483,0.0013202602787965,0.00455710841945667,6.30421953094854,7.2,12,0.00110192848615664,0.00206504977876953,0.0347200330960309,0.00635651473748666,-0.00172562596746939
2014-07-01,0,0.00112485240275095,0.00139208123351686,5.54307004384618,7.1,12.1,0.00329851865866448,0.00308960080989529,-0.0210151969286718,0.00937246820540771,0
2014-08-01,0.00079713037301854,-0.000160014148960386,-0.00209647980807937,2.76314364576433,7,12,0.00219298333501072,0.000514006693403068,-0.0704833698376639,-0.015374781221313,-0.000863930939264179
2014-09-01,0.00159235702436256,7.15884422870516e-05,0.00399675330149307,1.79670807945714,7,11.7,0,0.00102722145653011,-0.0351024181592816,-0.00106298176365716,-0.000864677961353699
2014-10-01,0.0015898254540998,-0.000197933490782454,0.00286978935772275,0.913326587217645,6.8,11.5,0.00109469085918157,0.00409836639228267,-0.099287610471154,-0.0143720393909375,-0.00173160216427792
2014-11-01,-0.0015898254540998,-0.00188443458454213,0.000657796624546236,2.42404623753767,6.8,11.4,0.00109349382137136,0,-0.107601043777974,-0.00387370422683642,-0.00260303834616238
2014-12-01,-0.00159235702436256,-0.00308937665812437,0.00153700252197098,4.21786390994658,6.7,11.2,0.00218340698094366,0.00102197249569258,-0.245525700104661,-0.00879385568185498,0
2015-01-01,-0.00319234109897337,-0.00639069349248711,-0.00416764710836759,3.45855678277506,6.8,11.2,0.0151518050206016,0.0015310031058906,-0.22762312606191,-0.0371976289346563,-0.00697474492707162
2015-02-01,0.00319234109897337,0.00253143688849811,-0.00134833589007677,3.41554173242724,6.9,10.9,0.00962059798698256,-0.0015310031058906,0.0687387095844523,-0.0317822343376069,-0.00262812240626964
2015-03-01,0.00476948439903513,0.00269032959658144,-0.000576466392473662,4.20782690151119,6.9,10.9,-0.00106439605578679,-0.00102197249569258,-0.0561122792116402,0,-0.00439561147303813
2015-04-01,-0.00238189870453365,0.00104193589238211,-0.000306989846293959,2.09348866052819,7,10.9,-0.0042689499195756,-0.00153491971808428,0.129838887348791,0.0174085634282637,-0.00441501820911672
2015-05-01,0.00396668509010478,0.00329231970405353,-0.000541791452949525,1.23665141870436,6.9,10.9,-0.00107009105984446,0.00255689221377686,0.084820426420777,0.0122923078116965,-0.000885347556724092
2015-06-01,0.00395101264667996,0.00276409717171511,0.00272802242942483,1.64065151830961,6.9,10.4,0.00320684400957916,0.00407747761665611,0.0092367774020552,-0.0128677370018337,-0.000886132091657998
2015-07-01,0.00236313619228312,0.00158506290399441,0.00252733811184491,2.58991468879978,7,10.3,0.00955928681345597,-0.000508776403750133,-0.161477129645325,-0.0339544813321799,-0.002663117419484
2015-08-01,0,-4.20108934306995e-06,0.00214468620298902,0.767516630008633,7.1,10.2,0.00421941554270866,0.00152555330883697,-0.171690642946591,-0.0161075965186042,-0.00356189156636066
2015-09-01,-0.000787091736817125,-0.00225011713527223,-0.00411129527911669,0.562137356171763,7.1,10,0.00105207795080364,0.000508001026926941,0.0591003882724497,-0.00698348063575072,-0.00178571476023404
2015-10-01,0.00157356444743062,0.00098899280204634,0.000976728873231636,0.299300356684363,7,9.8,-0.00421496935931209,-0.00254258972471444,0.0161399359638992,0.0115117902604975,-0.00358102441770658
2015-11-01,0.000785854657339158,0.00119390450335111,0.0024029678617925,0.720950582286305,7.1,10,-0.00317292704057692,0.00101781179270066,-0.0853212911004522,-0.00826700947807346,-0.00269420908369167
2015-12-01,0.000785237574701725,-0.00107613224951653,0.00115425292932514,2.40582962693237,7.3,9.9,0.00528263246442684,-0.00101781179270066,-0.132051405808804,-0.0295891732230862,-0.00360360750329836
2016-01-01,0.000784621460418577,-0.000458548680452253,0.00608027447166748,3.29012490150854,7.2,9.7,0.0156824960006174,0.0040650462481695,-0.160354340990754,-0.0283436909447978,-0.000902934598592253
2016-02-01,-0.0015698590351203,-0.00133056012623634,-0.00297500100131387,2.29023689656265,7.3,9.6,-0.00624351663968525,0.000506970860034706,-0.0438780061720538,0.0257334049416675,-0.00180831875678322
2016-03-01,0.00313725747513249,0.00312989300892763,-0.0037588737154497,0.822059029329584,7.2,9.8,-0.0126052089189823,-0.00253742841041671,0.213865817435972,0.0357364241585438,-0.000905387114812584
2016-04-01,0.0015649455463036,0.00382332692320997,0.00220874290194217,0.944215116797194,7.3,9.9,-0.00955928681345597,0,0.081782461476728,0.0246114150995753,0
2016-05-01,0.00312256303679348,0.00236130579115468,-0.00571387792258626,0.800677948600966,7.1,9.9,0.00532199233794106,0.000508001026926941,0.136502434827145,-0.00295712388974412,0.00361664047018806
2016-06-01,0.00233554018192805,0.00277211143403466,0.00477441736404849,3.16999396108699,7,9.5,0.00317965291737998,0.00202942738348977,0.042952030099054,0.0053165429945139,-0.00271125335537548
2016-07-01,-0.00077790746824391,-0.000503827643313137,0.00588709608690685,3.48642071115954,7,9.6,0.00947874395454384,0.00101317131260714,-0.0880559972905628,-0.00798545180951038,0.00451468035452596
2016-08-01,0.00077790746824391,0.00184751408018524,0.00232523312489441,2.65404625908515,6.9,9.6,-0.00314960890289662,-0.00202737018250243,0.00156652152433567,-0.000197980598548142,0.000900495333250539
2016-09-01,0.00155400186673482,0.00261977518476897,0.00255786341602615,2.53444644711717,7,9.7,0.00314960890289662,0.00253357115509356,0.0102336821930136,-0.00536034636686988,0.000899685170897335
2016-10-01,0.00232648418234316,0.00233994768375556,-0.000524037865353932,2.07555034164833,6.9,9.6,0.00209424160311489,-0.000506200972591131,0.0969587858995888,-0.00659079677572816,-0.000899685170897335
2016-11-01,-0.00155038790745454,0.00117825330364241,0.00375340167859406,1.75989896826437,6.8,9.4,0.00833338155914376,-0.000506457341795219,-0.0863906558377967,-0.00502210778322709,0
2016-12-01,0.00309837583266948,0.00252134090568212,0.00281453951671118,2.44635602618419,6.9,9.2,-0.00415801014866357,0.00353982670512387,0.129443987918701,0.0150904777392169,0
2017-01-01,0.00616809974064836,0.00403492542365846,0.00468899600957151,2.18635775886087,6.9,9.2,0.00415801014866357,0.00252079790656712,0.0101465405772276,0.00996800752908911,0.000899685170897335
2017-02-01,-0.00153846184190609,0.00159139042329759,0.00372060422728282,1.43915061390489,6.6,9,0.00310720084274863,0.00201207311341989,0.018307579363062,0.00323545554071014,0.00269420908369167
2017-03-01,-0.0015408323541557,-0.000467310798874188,0.00425452243913682,1.37859745653644,6.7,8.8,0.010288156589489,0.00401204148996115,-0.0805883337149935,-0.0243745347564914,0.000896459047036835
2017-04-01,0.00307929419606179,0.00123339188116045,0.00463918344809144,2.68598437955337,6.5,8.6,0.003065919621835,0.00549040560643554,0.034468996567691,-0.00603623563184996,0.00268456537066974
2017-05-01,-0.00153846184190609,-0.000774277635636089,0.00236501735964367,2.23076734370606,6.6,8.5,0.00610378293801705,-0.00299102914911664,-0.0518500700522786,-0.0170979129575457,0
2017-06-01,0,0.000651416444055641,0.00228179732040346,3.38230342288117,6.5,8.5,-0.00712471207212495,0.00199501313051975,-0.0704968307212019,0.0169969996924113,0.000893255977214125
2017-07-01,0.00153846184190609,0.000327596306004985,-0.000606800847897659,2.73076137586658,6.3,8.5,-0.0164782307323845,0.000498132015281705,0.0315895997803723,0.0408341046497736,-0.000893255977214125
2017-08-01,0.00230326397409275,0.00384123914878831,-0.0006523080579246,3.41871049309158,6.2,8.6,0,-0.000498132015281705,0.0297898863915536,0.00280559367507749,0.00178571476023404
2017-09-01,0.0022979711376232,0.00509339652610752,0.00274774295629499,4.26572415539139,6.2,8.3,-0.0104385081439231,0,0.0363825126222515,0.0225436999596296,0.00356189156636066
2017-10-01,0.00152905228567857,0.000774752047124849,0.000468556118166319,5.22236436561052,6.3,8.1,0.0104385081439231,0.00497018915787439,0.0347174906191641,-0.0175326072724848,0
2017-11-01,0.00609293583338122,0.00266445461431974,0.00491085829612281,4.45384687382653,6.2,8,0.00724265969930293,0.0019811794494089,0.0935814489322655,-0.0130619630798643,0.00177619940125595
2017-12-01,0.000759013319171054,0.00210467286617355,0.00258759609372206,3.82425984432323,6,8.1,0,0.000494682176795713,0.0216564523778189,-0.00194969841446024,-0.000887705340140599
2018-01-01,0.00378644905250347,0.00424432446182799,0.00313360060604495,2.65484833749562,5.9,8,0.00205973296301032,0.000988630826939563,0.0958126608148344,0.0158764225378851,0.00619745232837055
2018-02-01,0.00226500663085183,0.00268866988617766,0.00511203682651207,3.77630737613661,6,8.1,0.00513084758234417,-0.000988630826939563,-0.023347363996991,-0.0161692054414555,0.00352423272252977
2018-03-01,0.000753863586400172,0.000192343911505688,0.0039430616357663,1.54021382934574,5.8,8,0.00815498912930579,0.00689997808999632,0.00800260352752513,-0.0273095036502964,0
2018-04-01,0.000753295704171819,0.0026010210660754,-8.92197537059047e-05,1.87195883516378,5.8,7.9,0,-0.00295130563458024,0.0545956627576798,0.0152309947513194,0.000879120935739941
2018-05-01,0.000752728676865821,0.00225540444376637,0.00341896737358027,1.68887542520429,5.9,7.8,0.00708146611278426,0.00246002584086291,0.0547740220732109,0.00217112490298366,0.000878348760906533
2018-06-01,0.00150375968186633,0.000900739384547933,0.00111282487082143,3.20895874643261,6,7.8,0.00803217169726445,-0.00147528917832318,-0.0306153762238752,-0.0134976245302596,-0.00351803353167934
2018-07-01,0.00449775870683133,0.000780515817194072,0.0021888289782428,2.844168771357,5.9,7.5,-0.00300450902029947,0.00392927813988919,0.0448040365026836,0.00239521072595483,-0.000881445627805455
2018-08-01,0.0014947685892297,0.00178572541323163,0.000999222558586865,2.63574199039673,6,7.4,-0.00502766267696497,0,-0.0420084781455907,0.0123831390667988,-0.00264900817157709
2018-09-01,-0.000747105002998794,0.00206015811832483,0.00166186026080695,0.47647364061721,5.8,7.5,0,0.000979911886348717,0.0313859010981696,0.000393739546380445,0.000883782647007614
2018-10-01,0.00298507684345317,0.00233684758806607,0.00219327324304075,-0.667915967287443,5.6,7.5,0.00100755676029962,0.00488520756604949,0.00737696635241747,0.00666996097112627,0.00176522552456948
2018-11-01,-0.0014914245866704,-0.000704439979582361,-0.00143301481566382,0.563367755694757,5.7,7.6,0.00201207311341989,0.00534630678059234,-0.216803269419627,-0.010713159615551,0.000881445627805455
2018-12-01,0.00223630357828064,0.000684659112032193,0.00164282395069115,2.38034956591638,5.6,7.6,0.00401204148996115,0.00628173121452669,-0.13997263872738,-0.0197591499804624,0.00176056383503287
2019-01-01,0,-0.000815312080119313,0.00180892755071582,2.92684241734049,5.7,8,-0.00100150233708973,-0.000963855496306287,0.0368723633053971,0.002114272119079,-0.00617558204414959
2019-02-01,0.00297397988712689,0.00299676036717322,-0.00322708588466192,2.69261192140071,5.8,7.2,-0.00200601872686601,0,0.067174689167893,0.00841266854385214,0.00176834705674178
2019-03-01,0.00370508019254512,0.00377465991642811,0.00562345706942757,2.90393065952369,5.8,7.4,0.00500752173062224,0.00240789906854033,0.0566021981150424,-0.0111318403688445,0
2019-04-01,0.00295421189743106,0.00375262947492327,0.00638955533040608,2.33642730131158,5.7,7.4,0.00299252093645475,-0.000962463981900363,0.0936673083219626,-0.000100852201184054,-0.00442674472335192
2019-05-01,0.00294551022975753,0.000246802827340353,0.00296303462813086,4.50846088307215,5.5,7.1,-0.00199401860686521,0.000962463981900363,-0.0486100989540219,-0.00141299983138232,-0.00266548358613949
2019-06-01,-0.000735564578953962,-0.000325165670854943,0.00181751029223953,5.42531619144311,5.6,7.2,-0.00600602406021178,0.000961538535621642,-0.106950907832692,0.011548052217365,-0.00356506616449703
2019-07-01,0.00367242425226344,0.00230521711037834,0.000496542457783633,5.30090707878222,5.7,6.9,-0.00604231445596248,0.00144057647962281,0.048040663075458,0.014077758021311,-0.000893255977214125
2019-08-01,0,0.000914351870329178,8.39251807498442e-05,4.64515659971858,5.7,7.2,0.00704582683320254,-0.000960153698343014,-0.0453001845173544,-0.00542916293345819,-0.000894054596881411
2019-09-01,-0.000733406706874717,0.00153766328939486,0.000693067116541712,1.31527336240102,5.6,6.9,-0.00200803280324546,0.000960153698343014,0.0383010308351661,0.00375420318426389,0
2019-10-01,0.00293040502741704,0.00282329305404261,0.000873990412211256,0.836082840599073,5.6,6.9,-0.00100553050201846,0.00430931957274261,-0.0539306585536363,0.00216706152577029,-0.000894854645843601
2019-11-01,0.000731261458546406,0.00281146672606258,-8.52221262874764e-05,4.57179852326947,5.9,6.8,0,0.00524185141160061,0.0553344138288927,-0.00532755798370843,0.000894854645843601
2019-12-01,0.00364830758547452,0.00290798622764932,0.00490296358671571,5.5323060855057,5.6,6.8,0.00301356330526392,0,0.0487651143829799,0.00325910120090622,0.00178731057409554
2020-01-01,0.0014556043327012,0.00191982011889724,0.00045568488994796,1.26953538663279,5.5,7,0.00300450902029947,-0.00142687301260036,-0.0402098461386364,0.00423083230594212,0.000892458783019912
2020-02-01,0.00145348862798311,0.00047455810079633,0.00209480335643519,-12.4751310627843,5.8,7,0.00598207167754694,-0.000476077133486186,-0.129367611452743,-0.0100652122676914,0.00178253166628384
2020-03-01,-0.0102190670321223,-0.00453873192290555,-0.0783891188321117,-42.1908374192705,8.5,8.8,0.0108750453888753,-0.000476303890881269,-0.548253985560399,-0.0369739085537759,-0.00178253166628384
2020-04-01,-0.00514896319619229,-0.00795167851901812,-0.112709621661384,-71.979538144261,13.7,22.9,0,0.00142823161626371,-0.568125014576577,-0.000205846027898637,-0.00536673917794062
2020-05-01,-0.00147601502812034,-0.00089872894524845,0.0448009827045528,-7.87463054824533,14.2,21.1,0.00490437471508987,0.0137020806617203,0.545621035648312,0.00482621463555244,0.000896459047036835
2020-06-01,0.00809125414683987,0.00483578794500161,0.0575519906939483,33.1927353069325,12.6,18,-0.00785858661252092,-0.0127510582410162,0.293703821241174,0.0212838681963561,0.00268456537066974
2020-07-01,0,0.00508350047179906,0.0253932058630628,44.6815735645449,10.9,16.5,0.00491884907159612,0.000475172258880718,0.06076280380233,-0.000300887620745094,0.00178571476023404
2020-08-01,0.00219539056343621,0.00372439909098254,0.00991483637116097,32.6102568590139,10.1,14.2,0.0117074507942352,0,0.0392585031918316,0.0137479750519587,0.00799648863422675
2020-09-01,0.00219058137981776,0.00262269725717257,0.00932322440540645,11.3530800764328,9.1,12.8,0.0115719709838125,0.00189843436229342,-0.0661458585043753,-0.00168341872700761,0.00617558204414959
2020-10-01,0.00291333053835796,0.00123770954999181,0.00622791458819627,-2.44748172553868,9,12.1,0,0.00378609065609048,-0.00582059089845588,-0.00228208661823182,-0.000879894469439257
2020-11-01,0.0036297680505788,0.00227155096428522,0.00677846321567088,-5.17330986093094,8.6,11.9,-0.0067340321813445,0.000472255026486401,0.0383417639292554,0.0038665591224305,0
2020-12-01,0.00361664047018806,0.00433689173626473,0.00270353135229229,2.94302995779837,8.9,11.7,0.0105617880511089,-0.000472255026486401,0.13846546287878,0.011999750559224,0.00439175058097874
2021-01-01,0.00432277330200392,0.00244696462323013,0.00569710119779465,9.05586435334389,9.2,11.2,0.0161064590310529,0.00377181022365214,0.100670675469504,0.00477933121399587,0.00872605885980704
2021-02-01,0.00215439939702655,0.0033899239327928,0.00151878144109041,4.3991935909351,8.5,11.1,0.0223057575142986,0.00656662772388827,0.126971461710789,0.00475659781452098,0.005199318471794
2021-03-01,0.000717102934996383,0.00522951205037714,0.0105625925613211,13.2203348126843,7.7,10.8,0.0145987994211527,0.00326721410823794,0.054227670528542,0.0156621025220094,0.00860590509287906
2021-04-01,0.00286328041001571,0.0062192741497622,-0.0103700112838254,6.66069406773054,8.2,10.3,0.0223923373126214,0.00696543331624255,-0.00983482332579921,0.00380626589515565,0.00768249617201633
2021-05-01,0.00285510543697942,0.006613145296404,-0.00206191815913392,3.80476602499736,8.3,10.1,0.026225279190089,0.00967080988612956,0.0543912128493291,0.0259681805472516,0.0101523714640184
2021-06-01,0.00284697701192815,0.00842618757842128,0.00938955052179047,2.32202795411166,7.9,9.8,0.000862440760658778,0.00912415088960916,0.091018477717725,-0.00584715573746841,0.00671143458798706
2021-07-01,0.00496278934212935,0.0046041326767936,0.00678099153332923,2.71593656982788,7.4,9.2,-0.00345423486808727,0.0026395650521529,0.0154309032507722,-0.0202160051014442,0.000835771047396072
2021-08-01,0.0063447516333337,0.00283889213191735,0.00835475123958318,3.35449502041082,7.1,8.8,-0.00259852896326418,0.00808833411900256,-0.0679194080859737,-0.00476055359693373,0
2021-09-01,0.00560618146659841,0.00451530809997358,0.00478438615576948,6.27462960153755,7,8.4,0.00863563224960551,0.0105829133170428,0.0562639410473684,-0.00593473551981383,0.0016694494695404
2021-10-01,0.00557492733091713,0.00959205116305295,0.00840263461153157,10.3191082417145,6.5,8.2,0.00685521107905274,0.00355014728762892,0.128564437084425,0.0214653507079641,0.0066500660700175
2021-11-01,0.00416089365916505,0.00852978064827425,0.00462914852553808,7.08326353917047,6.1,7.7,0.00170648505575866,0.00673275377719218,-0.0290128050315843,-0.0064102783609199,0.00660613467711713
2021-12-01,0.00483259483820841,0.00688149863326437,0.00412273855623901,0.214282265350548,5.9,7.3,0.0110217309041953,0.00601440264250019,-0.0987145784325376,-0.0158234166030535,0.0041067819526539
2022-01-01,0.00754720563538314,0.0060278356705199,-0.00243587576660254,-4.36215327704037,6.4,7.1,0.0175516415398604,0.00994431157489206,0.148857495660311,0.0117485471882555,0.0146463155172389
2022-02-01,0.00681201544250598,0.00690250217363975,0.010601404589778,-2.17549721786497,5.5,7.2,0.0205009229959341,0.0123517336898828,0.0963801540305003,-0.0079127158643848,0.00804509568483169
2022-03-01,0.0108036162213789,0.0110946409921393,0.0059591610028864,0.745585977723386,5.4,7,0.0169018108026027,0.00962867926395283,0.168882315395219,0.0109467563069501,0.0111554941717857
2022-04-01,0.00335233300875348,0.00307860751453592,0.000183419972856314,0.547985595820482,5.4,7,0.00477707914827885,0.011544753612637,-0.063936551819828,0.00763902427441732,0.00474309189601207
2022-05-01,0.011314596579977,0.0094402960946427,0.00232328793913972,1.22421603618471,5.2,7.1,0.00158730192057277,0.00894657236839969,0.0735674448807888,-0.00697655323329638,-0.000788954676031572
2022-06-01,0.00725357614889166,0.0124827848358358,0.00415850751860525,2.21748851920663,4.9,6.7,-0.0151820734714958,0.00434427676516069,0.0471587892113883,0.00471921593164648,-0.00554018037561566
2022-07-01,0,-0.000149185414012543,0.00148422513095348,3.41125340478137,4.8,6.8,-0.00889613630897035,0.00958235966338616,-0.122299489087277,-0.00122485529045946,-0.00636944828548014
2022-08-01,-0.000657246162338865,0.000623718262284356,0.0029726612988874,3.1564951894284,5.2,6.9,-0.00488600320562593,0.00250992450746068,-0.0814623989445469,0.00282432874619509,-0.00239904153446613
2022-09-01,0.00459167746717348,0.00423369798795115,0.00218306286888037,3.69239131011473,5.1,6.7,0.00407332538763505,0.00488321396535252,-0.105870710670168,-0.0191729487403647,-0.00320770122676972
2022-10-01,0.00587277381213003,0.00557916232264422,-0.00110509986243734,3.35028269350715,5.1,6.7,0.00809721023262,0.00435396679255629,0.0383028021809899,-0.0224837458359959,-0.0016077173880964
2022-11-01,0.00389610882456459,0.00261062191557038,-0.00113243187310985,1.33409140562719,5,6.7,-0.00242228620659457,0.010390435531586,-0.036998170554325,0.0107234406407644,-0.00241643291162852
2022-12-01,-0.000648298239886103,0.000153944493274771,-0.00292586768591541,1.49977620108248,5,6.6,0.00564290090663633,0.0030698535150826,-0.0987057688054636,-0.0218604009684142,0.00883185186782853
2023-01-01,0.00452928629359395,0.00529995299865682,0.00956536612321734,5.20153105693154,5.1,6.7,-0.000804181788413239,0.00182226038562838,0.0217399866364056,0.00108959448152923,0.00319234109897337
2023-02-01,0.00129032275967056,0.00342266936550661,0.00341070236573593,2.30471001102233,5.2,6.8,0.000804181788413239,-0.00495616950099453,-0.016650917128934,0.00197804435971705,-0.00319234109897337
2023-03-01,0.00128865997214866,0.0012299614825535,0.002997512922148,1.42326374481634,5.1,6.7,0.00321027563024856,0.00384805664709997,-0.0473074685136687,-0.0161358082572614,-0.00641541895620001
2023-04-01,0.00513809736674453,0.00338699704935408,6.39818576111395e-05,2.79206618957888,5.1,6.6,0.00080096119620432,-6.38136641226694e-05,0.08084017261685,0.00979224451284022,-0.00161030630610437
2023-05-01,0.000640409884199222,0.00161338517524623,0.000239895513328037,2.76202315755129,5.2,6.7,0,-9.97170032279726e-05,-0.104312187644846,0.000894498891825357,-0.00161290357546484
2023-06-01,0.0025575461511167,0.00223924433484246,-0.00127655014592953,3.48252603245746,5.4,6.9,-0.00965413773308921,0.000793472039844367,-0.018755397124024,0.0195766421167285,-0.00323363256706433
2023-07-01,0.00382409643840376,0.00195523399396347,0.00112240167488054,5.21632984257497,5.4,6.7,-0.00486224620803455,0.000796825489578268,0.0795936607953545,0.00291829000885624,0
2023-08-01,0.00697308689186027,0.00482405293863497,0.000454381020288608,5.47159086061676,5.4,7.1,0.00647775544468843,0.00130144351220451,0.0675984463297405,-0.0137906239545504,-0.00162074589773376
2023-09-01,0.0018933423137808,0.00389332659953823,-0.000343320651310819,4.97442644975967,5.5,7,0,0.00148245622010013,0.0942037810191394,0.00226255568459166,-0.00162337697989035
2023-10-01,-0.000630715883412236,0.00136591605894409,0.00105978375148297,2.87134401106919,5.7,7.2,-0.00242424361150562,0.000916988768621785,-0.0433037326366081,-0.00709992135421,-0.00244001747736622
2023-11-01,0.00314960890289662,0.00146790447308742,0.00262795934987992,2.6878171615749,5.8,7,-0.00080938895555871,0.00235411722357881,-0.0974259147591523,-0.00924597728605647,0.00244001747736622
2023-12-01,0.00251256413588319,0.00192255067817282,-0.00124088340947104,0.849818496448647,5.8,7.2,-0.00649880435116668,0.00109590352775335,-0.0774502842353284,0.0167388645555313,0
2024-01-01,0,0.0030948913761053,0.00269768576979246,-1.81275017087972,5.7,7.2,0.000814663996176357,0.00399756653501981,0.0308138038569403,0.00166838450790507,0.00647775544468843
2024-02-01,0,0.00408916812862525,0.00603892271391082,2.87223338879804,5.9,7.3,0.00568414035499032,0.00758016318016086,0.0409568471939137,-0.00235617623239115,0
2024-03-01,0.00250626697605938,0.0044215489032835,0.000448400861188247,2.84733229678157,6.1,7.3,0.00806455983672993,0.00145296066244072,0.0508530680523167,-0.00502538378395823,0.00161290357546484
2024-04-01,0.00312402628333341,0.00216832414080059,0.00357298675538686,3.56363620311464,6.2,7.4,0.0151457658079952,0.000362910546534145,0.0488604654102778,-0.00395922520553693,0.00562476372476617
2024-05-01,0.002492213127959,0.000485469461688481,0.00148425677037167,4.65037161686135,6.3,7.4,0.00709502385060379,0.000713729971269395,-0.0644838458113606,-0.00178677831932283,-0.0024067400305654
2024-06-01,0.000622084001399514,-0.000418383989980953,0.00218760840088272,3.18037549455213,6.4,7.4,-0.000785854657339158,0.00263988005196669,-0.00312910950605083,0.0030752467071018,0.0024067400305654
2024-07-01,0.00248447332766144,0.00167567580897732,0.00199099762374111,2.79094855507557,6.4,7.8,-0.00236127618568016,0.00128238027320027,0.0251297496856635,-0.001189296473183,0.00160128136697413
2024-08-01,0.000620155058635774,0.00157098709717562,0.00117045069186972,3.51812891980137,6.6,7.8,-0.00394789300758447,0.00525608592572357,-0.0646363254312581,-0.00148861239219578,0
2024-09-01,-0.000620155058635774,0.00213106439808097,0.00269395615749346,3.15584193014932,6.5,7.7,-0.00079145235631195,0.00264276374547379,-0.0877229688505823,0.00633602753270246,0.00239712459972097
2024-10-01,0.00309693651053333,0.0028523267054199,0.00413009636953277,1.83645937792383,6.6,7.7,0.010240341554244,-0.000797880071236712,0.0246092711543504,-0.0104162441701332,0.00239139213207551
2024-11-01,0.00185356864932285,0.00283789553580771,-0.0020460497783521,1.08589408624598,7,7.7,0.00469117357588011,0.0090323269005701,-0.0287465193697214,-0.00660332564495558,0.000795861562103539
2024-12-01,0.00185013928816158,0.0033936184663732,0.00201454401657131,-1.004451721816,6.7,7.6,0.00466926918368404,0.00172194954971072,0.00242735894154311,-0.0152736494698376,0.0015898254540998
2025-01-01,0.00123152724924669,0.00426351450544171,0.00526878866150859,-2.9061093729682,6.7,7.5,0.00927363678532878,0.00322211117390214,0.0770983624206156,-0.00623692017149846,0.000793965901176641
2025-02-01,0.00613498856751615,0.00224852906961726,-0.0016473866614497,0.381119806136426,6.6,8,0.00613498856751615,0.00738377000535451,-0.0571894803533564,0.00296994432038211,0.00158604315563515
2025-03-01,0,0.000331527657446706,0.00113464167385047,3.02862972289915,6.8,7.9,0.00685716972613726,-0.00503278038689103,-0.047086038936869,-0.0102786391631859,-0.00158604315563515
2025-04-01,-0.00244948071034035,0.00161540575711605,-0.0014821682601216,3.5125639896927,6.9,7.8,-0.00380373223924746,-0.00151478653964254,-0.0713612743420535,0.0202502317590385,0.00237812240496726
2025-05-01,0.00244948071034035,0.000992320519796586,-0.000658395011718937,5.648599475145,7,7.8,-0.00918842605440595,0.00259158430809858,-0.0217970605601243,0.00222492001168018,-0.00158478638557114
2025-06-01,0.0024434954124759,0.00253872468162797,0.000404555472224288,5.62780707903715,6.9,7.7,0.00153727931888614,0.00236185712313475,0.0921320170934479,0.00895063047985634,-0.00238189870453365
2025-07-01,0.000609942074414782,0.00228090663893177,0.00619118669280105,5.3440110762326,6.9,7.9,0.00459770924863001,0.00596303340229731,0.00322202973531116,-0.00270690425449871,0.000794596783960877
2025-08-01,0.00182759721902404,0.00347659384038312,-0.00051842838658267,2.54694115514169,7.1,8.1,0.00381534228565261,0.0018135094491134,-0.0529955142308332,-0.00695111850385821,-0.000794596783960877
2025-09-01,0.00425144885735751,0.00294655645472819,0.00154978042311349,0.502556086677766,7.1,8.1,0.00758728981215917,0.00330690237410636,-0.0139732129134185,-0.00445796077701743,0
2025-10-01,0.00121138718629776,NA,-0.00271679955408466,-0.853815312139059,6.9,NA,0.0172353460897172,0.00247208759526263,-0.0491889303452702,-0.00979599670318176,NA
2025-11-01,0.00241838086428103,NA,0.000431690361379466,1.16956220274184,6.6,8.7,0.00666422310912829,0.00177002078940536,-0.0137248950652991,-0.00215572633911876,NA
2025-12-01,0.00301477466808997,0.0029734591724413,0.00244187729263956,2.53892343782389,6.8,8.4,0.00147492652106784,0.00163309071674522,-0.0354184272035427,0.0146896449473335,0.00394166848533217
2026-01-01,0.000601865802098978,0.00170696879878296,0.000675914436950364,NA,6.5,8.1,0.0290506994220925,-0.000501919387414063,0.0350853714136194,-0.00172300250399982,0.00783703070728059
2026-02-01,0.00120264596576014,0.00266647254227603,NA,NA,6.7,7.9,-0.00358551836259657,0.00873820725974994,0.0718092437788895,0.00455443325598015,0.0124128824197092
2026-03-01,NA,NA,NA,NA,NA,NA,NA,NA,0.342279466693207,NA,NA
