observation_date,MCOILWTICO
2004-01-01,34.31
2004-02-01,34.69
2004-03-01,36.74
2004-04-01,36.75
2004-05-01,40.28
2004-06-01,38.03
2004-07-01,40.78
2004-08-01,44.90
2004-09-01,45.94
2004-10-01,53.28
2004-11-01,48.47
2004-12-01,43.15
2005-01-01,46.84
2005-02-01,48.15
2005-03-01,54.19
2005-04-01,52.98
2005-05-01,49.83
2005-06-01,56.35
2005-07-01,59.00
2005-08-01,64.99
2005-09-01,65.59
2005-10-01,62.26
2005-11-01,58.32
2005-12-01,59.41
2006-01-01,65.49
2006-02-01,61.63
2006-03-01,62.69
2006-04-01,69.44
2006-05-01,70.84
2006-06-01,70.95
2006-07-01,74.41
2006-08-01,73.04
2006-09-01,63.80
2006-10-01,58.89
2006-11-01,59.08
2006-12-01,61.96
2007-01-01,54.51
2007-02-01,59.28
2007-03-01,60.44
2007-04-01,63.98
2007-05-01,63.46
2007-06-01,67.49
2007-07-01,74.12
2007-08-01,72.36
2007-09-01,79.92
2007-10-01,85.80
2007-11-01,94.77
2007-12-01,91.69
2008-01-01,92.97
2008-02-01,95.39
2008-03-01,105.45
2008-04-01,112.58
2008-05-01,125.40
2008-06-01,133.88
2008-07-01,133.37
2008-08-01,116.67
2008-09-01,104.11
2008-10-01,76.61
2008-11-01,57.31
2008-12-01,41.12
2009-01-01,41.71
2009-02-01,39.09
2009-03-01,47.94
2009-04-01,49.65
2009-05-01,59.03
2009-06-01,69.64
2009-07-01,64.15
2009-08-01,71.05
2009-09-01,69.41
2009-10-01,75.72
2009-11-01,77.99
2009-12-01,74.47
2010-01-01,78.33
2010-02-01,76.39
2010-03-01,81.20
2010-04-01,84.29
2010-05-01,73.74
2010-06-01,75.34
2010-07-01,76.32
2010-08-01,76.60
2010-09-01,75.24
2010-10-01,81.89
2010-11-01,84.25
2010-12-01,89.15
2011-01-01,89.17
2011-02-01,88.58
2011-03-01,102.86
2011-04-01,109.53
2011-05-01,100.90
2011-06-01,96.26
2011-07-01,97.30
2011-08-01,86.33
2011-09-01,85.52
2011-10-01,86.32
2011-11-01,97.16
2011-12-01,98.56
2012-01-01,100.27
2012-02-01,102.20
2012-03-01,106.16
2012-04-01,103.32
2012-05-01,94.66
2012-06-01,82.30
2012-07-01,87.90
2012-08-01,94.13
2012-09-01,94.51
2012-10-01,89.49
2012-11-01,86.53
2012-12-01,87.86
2013-01-01,94.76
2013-02-01,95.31
2013-03-01,92.94
2013-04-01,92.02
2013-05-01,94.51
2013-06-01,95.77
2013-07-01,104.67
2013-08-01,106.57
2013-09-01,106.29
2013-10-01,100.54
2013-11-01,93.86
2013-12-01,97.63
2014-01-01,94.62
2014-02-01,100.82
2014-03-01,100.80
2014-04-01,102.07
2014-05-01,102.18
2014-06-01,105.79
2014-07-01,103.59
2014-08-01,96.54
2014-09-01,93.21
2014-10-01,84.40
2014-11-01,75.79
2014-12-01,59.29
2015-01-01,47.22
2015-02-01,50.58
2015-03-01,47.82
2015-04-01,54.45
2015-05-01,59.27
2015-06-01,59.82
2015-07-01,50.90
2015-08-01,42.87
2015-09-01,45.48
2015-10-01,46.22
2015-11-01,42.44
2015-12-01,37.19
2016-01-01,31.68
2016-02-01,30.32
2016-03-01,37.55
2016-04-01,40.75
2016-05-01,46.71
2016-06-01,48.76
2016-07-01,44.65
2016-08-01,44.72
2016-09-01,45.18
2016-10-01,49.78
2016-11-01,45.66
2016-12-01,51.97
2017-01-01,52.50
2017-02-01,53.47
2017-03-01,49.33
2017-04-01,51.06
2017-05-01,48.48
2017-06-01,45.18
2017-07-01,46.63
2017-08-01,48.04
2017-09-01,49.82
2017-10-01,51.58
2017-11-01,56.64
2017-12-01,57.88
2018-01-01,63.70
2018-02-01,62.23
2018-03-01,62.73
2018-04-01,66.25
2018-05-01,69.98
2018-06-01,67.87
2018-07-01,70.98
2018-08-01,68.06
2018-09-01,70.23
2018-10-01,70.75
2018-11-01,56.96
2018-12-01,49.52
2019-01-01,51.38
2019-02-01,54.95
2019-03-01,58.15
2019-04-01,63.86
2019-05-01,60.83
2019-06-01,54.66
2019-07-01,57.35
2019-08-01,54.81
2019-09-01,56.95
2019-10-01,53.96
2019-11-01,57.03
2019-12-01,59.88
2020-01-01,57.52
2020-02-01,50.54
2020-03-01,29.21
2020-04-01,16.55
2020-05-01,28.56
2020-06-01,38.31
2020-07-01,40.71
2020-08-01,42.34
2020-09-01,39.63
2020-10-01,39.40
2020-11-01,40.94
2020-12-01,47.02
2021-01-01,52.00
2021-02-01,59.04
2021-03-01,62.33
2021-04-01,61.72
2021-05-01,65.17
2021-06-01,71.38
2021-07-01,72.49
2021-08-01,67.73
2021-09-01,71.65
2021-10-01,81.48
2021-11-01,79.15
2021-12-01,71.71
2022-01-01,83.22
2022-02-01,91.64
2022-03-01,108.50
2022-04-01,101.78
2022-05-01,109.55
2022-06-01,114.84
2022-07-01,101.62
2022-08-01,93.67
2022-09-01,84.26
2022-10-01,87.55
2022-11-01,84.37
2022-12-01,76.44
2023-01-01,78.12
2023-02-01,76.83
2023-03-01,73.28
2023-04-01,79.45
2023-05-01,71.58
2023-06-01,70.25
2023-07-01,76.07
2023-08-01,81.39
2023-09-01,89.43
2023-10-01,85.64
2023-11-01,77.69
2023-12-01,71.90
2024-01-01,74.15
2024-02-01,77.25
2024-03-01,81.28
2024-04-01,85.35
2024-05-01,80.02
2024-06-01,79.77
2024-07-01,81.80
2024-08-01,76.68
2024-09-01,70.24
2024-10-01,71.99
2024-11-01,69.95
2024-12-01,70.12
2025-01-01,75.74
2025-02-01,71.53
2025-03-01,68.24
2025-04-01,63.54
2025-05-01,62.17
2025-06-01,68.17
2025-07-01,68.39
2025-08-01,64.86
2025-09-01,63.96
2025-10-01,60.89
2025-11-01,60.06
2025-12-01,57.97
2026-01-01,60.04
2026-02-01,64.51
2026-03-01,90.84
